Comp ID,Date,Name,Sanction #,State,Results,Homepage
competitions-view?id=1824,11/19/2017,Quad City Iron Thriller,IA-2017-06,Iowa,,
competitions-view?id=1818,11/18/2017,2017 RMLC Championships,CO-2017-05,Colorado,,
competitions-view?id=1819,11/18/2017,Long Island Gobbler Open,NY-2017-14,New York,,
competitions-view?id=1827,11/18/2017,Trojan Iron Wars,WY-2017-04,Wyoming,,
competitions-view?id=1823,11/13/2017,IPF Open World Championships,IPF,,,
competitions-view?id=1810,11/12/2017,2017 New Jersey Iron Gobbler,NJ-2017-02,New Jersey,,
competitions-view?id=1817,11/12/2017,2017 Raw Collegiate Cup,MA-2017-05,Massachusetts,,
competitions-view?id=1805,11/11/2017,Rio Grande Valley Fall Classic,TX-2017-16,Texas,,
competitions-view?id=1806,11/11/2017,Champion's Fall Classic,MN-2017-11,Minnesota,,
competitions-view?id=1807,11/11/2017,Savage Open,GA-2017-07,Georgia,,
competitions-view?id=1812,11/11/2017,Boss of Norcal 5,CA-2017-05,California,,
competitions-view?id=1813,11/11/2017,The Beast of the Metro East 2017,IL-2017-09,Illinois,,
competitions-view?id=1814,11/11/2017,Arizona 2017 Fall Classic,AZ-2017-06,Arizona,,
competitions-view?id=1815,11/11/2017,Salute to Service,NY-2017-12,New York,,
competitions-view?id=1816,11/11/2017,Winter Wars 2017,ID-2017-05,Idaho,,
competitions-view?id=1801,11/05/2017,2017 No Frills Midwest Collegiate Cup,OH-2017-08,Ohio,,
competitions-view?id=1811,11/05/2017,Pittsburgh Raw Open,PA-2017-18,Pennsylvania,,
competitions-view?id=1798,11/04/2017,2017 Michigan Teen Meet,MI-2017-12,Michigan,,
competitions-view?id=1799,11/04/2017,Ivy League Championships II,NY-2017-15,New York,,
competitions-view?id=1804,11/04/2017,Eau Claire Open,WI-2017-15,Wisconsin,,
competitions-view?id=1808,11/04/2017,Fall Festival of Power,NC-2017-03,North Carolina,,
competitions-view?id=1797,10/29/2017,2017 Delaware Fall Classic,DE-2017-02,Delaware,,
competitions-view?id=1795,10/28/2017,Tundra Rumble,AK-2017-12,Alaska,,
competitions-view?id=1802,10/28/2017,Finger Lakes Championships,NY-2017-13,New York,,
competitions-view?id=1803,10/28/2017,New England Showdown,CT-2017-04,Connecticut,,
competitions-view?id=1796,10/27/2017,2017 SBWC Fall Classic,NY-2017-05,New York,,
competitions-view?id=1825,10/27/2017,2017 NAPF Bench Press Championship,NAPF,,,
competitions-view?id=1794,10/22/2017,Team Phoinix Halloween Havoc,WA-2017-07,Washington,,
competitions-view?id=1792,10/21/2017,Noonan Barbell Raw Open,MN-2017-10,Minnesota,,
competitions-view?id=1793,10/21/2017,2017 Michigan Iron Monger,MI-2017-11,Michigan,,
competitions-view?id=1790,10/21/2017,Power on the Platte,NE-2017-05,Nebraska,,
competitions-view?id=1782,10/14/2017,2017 Philadelphia Fall Championship,PA-2017-14,Pennsylvania,,
competitions-view?id=1791,10/14/2017,2017 Muscle Beach Powerlifting Classic,TX-2017-08,Texas,,
competitions-view?id=1776,10/10/2017,2017 Raw National Championships,NS-2017-02,Florida,,
competitions-view?id=1781,10/07/2017,Humanity Open,CA-2017-10,California,,
competitions-view?id=1822,10/01/2017,World Masters Championships,IPF,,,
competitions-view?id=1774,09/30/2017,2017 Morey Mayhem BarBellum,MI-2017-04,Michigan,,
competitions-view?id=1775,09/30/2017,9th Annual Iron Wars,TX-2017-12,Texas,,
competitions-view?id=1777,09/30/2017,2017 Solcana Novice Meet,MN-2017-09,Minnesota,,
competitions-view?id=1778,09/30/2017,14th Annual Florida Collegiate Championships,FL-2017-08,Florida,,
competitions-view?id=1779,09/30/2017,2017 Anthracite Open,PA-2017-16,Pennsylvania,,
competitions-view?id=1780,09/30/2017,CT Bench Press Against Breast Cancer,CT-2017-07,Connecticut,,
competitions-view?id=1784,09/30/2017,Western Wisconsin Open,WI-2017-12,Wisconsin,,
competitions-view?id=1770,09/24/2017,2017 New Jersey Heavy Metal Classic,NJ-2017-04,New Jersey,,
competitions-view?id=1769,09/23/2017,2017 Michigan Rookie Rumble,MI-2017-09,Michigan,,
competitions-view?id=1771,09/23/2017,Apeman Strong Fest,AZ-2017-07,Arizona,,
competitions-view?id=1773,09/23/2017,Phoenix Taskforce Powerlifting Festival,NH-2017-02,New Hampshire,,
competitions-view?id=1766,09/17/2017,Supertotal Weekend,KY-2017-02,Kentucky,,
competitions-view?id=1763,09/16/2017,Pure Fitness Open Fall,WI-2017-16,Wisconsin,,
competitions-view?id=1764,09/16/2017,2017 Spokane,WA-2017-06,Washington,,
competitions-view?id=1765,09/16/2017,Kansas Klassic,KS-2017-02,Kansas,,
competitions-view?id=1767,09/16/2017,2nd Annual Colorado Fall Open,CO-2017-04,Colorado,,
competitions-view?id=1768,09/16/2017,Powerlifting For Pups,GA-2017-08,Georgia,,
competitions-view?id=1772,09/16/2017,Deadlift & Push Pull Nationals,NS-2017-08,Pennsylvania,,
competitions-view?id=1756,09/10/2017,2017 Virginia Last Chance Qualifier,VA-2017-04,Virginia,,
competitions-view?id=1757,09/10/2017,2017 Lehigh Valley Championships,PA-2017-13,Pennsylvania,,
competitions-view?id=1761,09/10/2017,2017 Whippany Athletic Club Fall Power Fest,NJ-2017-05,New Jersey,,
competitions-view?id=1754,09/09/2017,Connecticut Fall Classic,CT-2017-05,Connecticut,,
competitions-view?id=1755,09/09/2017,2017 CBUS Lifting Co Fall Classic,OH-2017-04,Ohio,,
competitions-view?id=1758,09/09/2017,Charm City Classic,MD-2017-06,Maryland,,
competitions-view?id=1759,09/09/2017,2017 Benchpress Nationals,NS-2017-07,Texas,,
competitions-view?id=1762,09/09/2017,Santa Cruz Strength Fall Classic,CA-2017-09,California,,
competitions-view?id=1748,09/03/2017,Florida Last Chance Qualifier,FL-2017-07,Florida,,
competitions-view?id=1752,09/03/2017,2017 New Orleans Invitational,LA-2017-04,Louisiana,,
competitions-view?id=1749,09/02/2017,2017 El Paso Iron Open,TX-2017-15,Texas,,
competitions-view?id=1750,09/02/2017,2017 Central Region Championship,RG-2017-03,Minnesota,,
competitions-view?id=1821,08/28/2017,World Juniors & Sub-Juniors Championships,IPF,Florida,,
competitions-view?id=1737,08/27/2017,Bring A Volunteer Last Minute Qualifier,GA-2017-09,Georgia,,
competitions-view?id=1741,08/27/2017,Last Chance Qualifier 2017,MO-2017-02,Missouri,,
competitions-view?id=1744,08/27/2017,Sun Devil Classic,AZ-2017-04,Arizona,,
competitions-view?id=1736,08/26/2017,Wolf Open,WI-2017-06,Wisconsin,,
competitions-view?id=1739,08/26/2017,JBC Invitational,MN-2017-12,Minnesota,,
competitions-view?id=1740,08/26/2017,2017 OK Summer Bash,OK-2017-03,Oklahoma,,
competitions-view?id=1745,08/26/2017,Big Iron Classic,MT-2017-02,Montana,,
competitions-view?id=1746,08/26/2017,Baltimore Open,MD-2017-03,Maryland,,
competitions-view?id=1753,08/26/2017,Texas Raw Championships,TX-2017-05,Montana,,
competitions-view?id=1742,08/20/2017,Juggernaut Summer Open,CA-2017-11,California,,
competitions-view?id=1729,08/19/2017,2017 Northeast Regional Championships,RG-2017-04,Massachusetts,,
competitions-view?id=1730,08/19/2017,2017 Mid-West Regional Championship,RG-2017-01,Ohio,,
competitions-view?id=1743,08/19/2017,Palmetto Classic,SC-2017-03,South Carolina,,
competitions-view?id=1747,08/19/2017,Summer Raid,WV-2017-03,West Virginia,,
competitions-view?id=1716,08/06/2017,2017 NJ Last Chance Qualifier,NJ-2017-08,New Jersey,,
competitions-view?id=1711,08/05/2017,2017 Southeastern Regional Championships,RG-2017-08,Florida,,
competitions-view?id=1719,08/05/2017,Southern Regional Championships,RG-2017-06,Mississippi,,
competitions-view?id=1721,08/05/2017,Northwest Regional Championship,RG-2017-02,Idaho,,
competitions-view?id=1725,08/05/2017,Minnesota Summer Push/Pull Classic,MN-2017-08,Minnesota,,
competitions-view?id=1714,08/04/2017,2017 Mid-Atlantic Regional Championship,RG-2017-05,New Jersey,,
competitions-view?id=1734,07/30/2017,2017 Rocky Mountain State Games,CO-2017-03,Colorado,,
competitions-view?id=1733,07/24/2017,World Games 2017 Wroclaw (Poland),IWG,,,
competitions-view?id=1705,07/22/2017,Sweet Applewood Open,WI-2017-13,Wisconsin,,
competitions-view?id=1706,07/22/2017,3rd Annual Route 66 Classic,AZ-2017-05,Arizona,,
competitions-view?id=1717,07/22/2017,Connecticut Summer Showdown,CT-2017-03,Connecticut,,
competitions-view?id=1738,07/22/2017,Limitless Push/Pull,WI-2017-17,Wisconsin,,
competitions-view?id=1695,07/15/2017,2017 Rochester Hills BarBellum,MI-2017-03,Michigan,,
competitions-view?id=1696,07/15/2017,2017 Massachusetts Quickie Qualifier,MA-2017-06,Massachusetts,,
competitions-view?id=1697,07/15/2017,Women of Steel Summer Showdown,MN-2017-06,Minnesota,,
competitions-view?id=1698,07/15/2017,2017 DC Barbell Club PRO Invitational,PA-2017-09,Pennsylvania,,
competitions-view?id=1703,07/15/2017,2017 Summer Power Fest,TX-2017-04,Texas,,
competitions-view?id=1704,07/15/2017,CA State Games & USA Masters Games,CA-2017-06,California,,
competitions-view?id=1718,07/15/2017,Rumble on Pratt Street,MD-2017-04,Maryland,,
competitions-view?id=1723,07/15/2017,2nd Annual Justin Maile Classic,AK-2017-10,Alaska,,
competitions-view?id=1724,07/15/2017,2017 Louisiana Summer Classic,LA-2017-06,Louisiana,,
competitions-view?id=1751,07/15/2017,Wolf Pack Bench Open,WI-2017-09,Wisconsin,,
competitions-view?id=1732,07/10/2017,2nd University Powerlifting Cup - Potchefstroom (South Africa),IPF,,,
competitions-view?id=1692,07/09/2017,6th Annual Central Florida Open Championships,FL-2017-05,Florida,,
competitions-view?id=1694,07/08/2017,Liberty Games 2017,NY-2017-10,New York,,
competitions-view?id=1708,07/08/2017,2017 Iowa State Championship,IA-2017-03,Iowa,,
competitions-view?id=1712,07/08/2017,5 Bar Showdown!,GA-2017-06,Georgia,,
competitions-view?id=1735,07/08/2017,NW Regionals Last Chance Qualifier,ID-2017-04,Idaho,,
competitions-view?id=1693,07/07/2017,2017 Southwest Regional,RG-2017-07,Nevada,,
competitions-view?id=1702,07/04/2017,15th Annual NAPF North American Regional Powerlifting Championships,NAPF/FESUPO,Florida,,
competitions-view?id=1688,06/25/2017,2017 Independence Championships,PA-2017-10,Pennsylvania,,
competitions-view?id=1684,06/24/2017,Kentucky State Raw Champs,KY-2017-03,Kentucky,,
competitions-view?id=1689,06/24/2017,2017 Calcasieu Cup,LA-2017-10,Louisiana,,
competitions-view?id=1707,06/24/2017,Seattle Summer Classic,WA-2017-05,Washington,,
competitions-view?id=1722,06/24/2017,Northern Indiana Bench & Deadlift Championships,IN-2017-01,Indiana,,
competitions-view?id=1679,06/17/2017,2017 Missouri State Championships,MO-2017-01,Missouri,,
competitions-view?id=1690,06/17/2017,Quad Cities Summer Blastoff,IA-2017-05,Iowa,,
competitions-view?id=1728,06/17/2017,2017 Vermont State Championships,VT-2017-01,Vermont,,
competitions-view?id=1789,06/17/2017,Klubbstevne,Norway,,,
competitions-view?id=1701,06/15/2017,5th IPF World Classic Championships - Minsk \ Belarus,IPF,,,
competitions-view?id=1671,06/10/2017,Badger Open 2017,WI-2017-08,Wisconsin,,
competitions-view?id=1672,06/10/2017,2nd Annual Battle at the Beach,VA-2017-03,Virginia,,
competitions-view?id=1673,06/10/2017,2017 North Carolina State Championships,NC-2017-01,North Carolina,,
competitions-view?id=1680,06/10/2017,Dirty South Bench Press & Deadlift Challenge,GA-2017-05,Georgia,,
competitions-view?id=1682,06/10/2017,Twin Ports Raw Open,MN-2017-05,Minnesota,,
competitions-view?id=1685,06/10/2017,Syracuse Summer Showdown,NY-2017-11,New York,,
competitions-view?id=1686,06/10/2017,Boynton Barbell Center Invitational,FL-2017-06,Florida,,
competitions-view?id=1691,06/10/2017,NorCal Open,CA-2017-08,California,,
competitions-view?id=1665,06/03/2017,2017 Unreal BarBellum,MI-2017-08,Michigan,,
competitions-view?id=1666,06/03/2017,BFE Classic,ID-2017-02,Idaho,,
competitions-view?id=1667,06/03/2017,2017 New Jersey State Championships,NJ-2017-06,New Jersey,,
competitions-view?id=1668,06/03/2017,2017 Non-Resident Ohio State Championship,OH-2017-02,Ohio,,
competitions-view?id=1669,06/03/2017,Kansas Heavy Metal Open,KS2017-01,Kansas,,
competitions-view?id=1670,06/03/2017,Gulf Breeze Open,FL-2017-04,Florida,,
competitions-view?id=1683,06/03/2017,2017 Ohio State Championships,OH-2017-01,Ohio,,
competitions-view?id=1687,06/03/2017,2017 Texas State Powerlifting Championships,TX-2017-08,Texas,,
competitions-view?id=1656,05/27/2017,2017 Philadelphia Freedom Championship,PA-2017-04,Pennsylvania,,
competitions-view?id=1661,05/27/2017,Ketchikan 21st Spring Meet,AK-2017-09,Alaska,,
competitions-view?id=1664,05/27/2017,Boss of Norcal 4,CA-2017-04,California,,
competitions-view?id=1726,05/27/2017,2017 Nevada State Championship,NV-2017-01,Nevada,,
competitions-view?id=1660,05/22/2017,IPF World Men's Bench Press Championships - Lithuania,IPF,,,
competitions-view?id=1675,05/20/2017,2017 Bench press & Deadlift PA State Championships,PA-2017-05,Pennsylvania,,
competitions-view?id=1649,05/19/2017,35th Annual Open National Championship,NS-2017-03,Florida,,
competitions-view?id=1650,05/13/2017,Westchester County Championships II,NY-2017-07,New York,,
competitions-view?id=1654,05/13/2017,Team Cup Challenge,WA-2017-04,Washington,,
competitions-view?id=1663,05/13/2017,2017 Maryland State Championships,MD-2017-05,Maryland,,
competitions-view?id=1678,05/13/2017,MHB Spring Raw Classic,ID-2017-02,Idaho,,
competitions-view?id=1639,05/06/2017,2017 Husky Invitational,AK-2017-08,Alaska,,
competitions-view?id=1640,05/06/2017,2017 American Strength Master's Brawl,MN-2017-03,Minnesota,,
competitions-view?id=1641,05/06/2017,2017 STS Ohio Spring Classic,OH-2017-07,Ohio,,
competitions-view?id=1642,05/06/2017,2017 Atlanta Women's Open,GA-2017-04,Georgia,,
competitions-view?id=1643,05/06/2017,Illinois State Meet 2017,IL-2017-06,Illinois,,
competitions-view?id=1644,05/06/2017,2017 LA State Games,LA-2017-02,Louisiana,,
competitions-view?id=1647,05/06/2017,2017 Massachusetts and Rhode Island State Championships,RI-2017-01,Rhode Island,,
competitions-view?id=1648,05/06/2017,Connecticut State Championships and Spring Classic,CT-2017-01,Connecticut,,
competitions-view?id=1659,05/06/2017,Milwaukee Open,WI-2017-10,Wisconsin,,
competitions-view?id=1629,04/30/2017,2017 Delaware State Championship,DE-2017-01,Delaware,,
competitions-view?id=1655,04/30/2017,2017 All Midwest Bench and Deadlift,IL-2017-03,Illinois,,
competitions-view?id=1620,04/29/2017,Tennessee State Championship,TN-2017-01,Tennessee,,
competitions-view?id=1621,04/29/2017,2017 Central Texas Classic,TX-2017-07,Texas,,
competitions-view?id=1624,04/29/2017,2017 SBWC Spring Classic,NY-2017-02,New York,,
competitions-view?id=1626,04/29/2017,Pure Fitness Spring Open,WI-2017-11,Wisconsin,,
competitions-view?id=1627,04/29/2017,2017 Spring Natural and Fit BarBellum,MI-2017-01,Michigan,,
competitions-view?id=1628,04/29/2017,2017 New Hampshire State Championship,NH-2017-01,New Hampshire,,
competitions-view?id=1632,04/29/2017,Nebraska State Championships,NE-2017-02,Nebraska,,
competitions-view?id=1636,04/29/2017,Gorilla Warfare,CO-2017-02,Colorado,,
competitions-view?id=1638,04/29/2017,2017 California State Championship,CA-2017-07,California,,
competitions-view?id=1662,04/29/2017,Pacific Invitationals,AUS,,,
competitions-view?id=1622,04/23/2017,2017 Dallas Open,TX-2017-11,Texas,,
competitions-view?id=1634,04/23/2017,SCI- Graterford Meet,PA-2017-08,Pennsylvania,,
competitions-view?id=1720,04/23/2017,Pittsburgh Raw Open,PA-2017-07,Pennsylvania,,
competitions-view?id=1616,04/22/2017,Capital City Barbell Raw Powerlifting Championship,FL-2017-03,Florida,,
competitions-view?id=1617,04/22/2017,2017 Alaska State Championship,AK-2017-01,Alaska,,
competitions-view?id=1618,04/22/2017,2017 Empire Classic,WA-2017-03,Washington,,
competitions-view?id=1619,04/22/2017,2017 Twin Cities Open,MN-2017-07,Minnesota,,
competitions-view?id=1623,04/22/2017,2017 CBC Powerlifting Championships,TX-2017-10,Texas,,
competitions-view?id=1625,04/22/2017,4th Annual NoVa Open,VA-2017-02,Virginia,,
competitions-view?id=1631,04/17/2017,2nd IPF World Classic Bench Press - Killeen - USA,IPF,Texas,,
competitions-view?id=1633,04/15/2017,Buffalo Battle at the Border,NY-2017-06,New York,,
competitions-view?id=1613,04/08/2017,2017 Battle on the Border,SC-2017-02,South Carolina,,
competitions-view?id=1614,04/08/2017,2017 Pennsylvania State Championship,PA-2017-03,Pennsylvania,,
competitions-view?id=1615,04/08/2017,2017 Arizona State Championship,AZ-2017-02,Arizona,,
competitions-view?id=1608,04/07/2017,2017 Collegiate National Championship,NS-2017-01,Texas,,
competitions-view?id=1598,04/01/2017,2017 Mississippi Championship,MS-2017-02,Mississippi,,
competitions-view?id=1600,04/01/2017,2017 Kalamazoo BarBellum,MI-2017-06,Michigan,,
competitions-view?id=1603,04/01/2017,District Open,DC-2017-01,Washington DC,,
competitions-view?id=1604,04/01/2017,2017 Oregon State Championships,OR-2017-01,Oregon,,
competitions-view?id=1606,04/01/2017,Georgia Spring Open,GA-2017-03,Georgia,,
competitions-view?id=1611,04/01/2017,2017 CBUS Lifting Co Spring Classic,OH-2017-03,Ohio,,
competitions-view?id=1635,03/29/2017,High School Raw & Equipped Nationals,NS-2017-05,Pennsylvania,,
competitions-view?id=1610,03/26/2017,35th Annual Florida State Championships,FL-2017-02,Florida,,
competitions-view?id=1588,03/25/2017,2017 Kenai Peninsula Classic,AK-2017-06,Alaska,,
competitions-view?id=1596,03/25/2017,Squats & Science Powerlifting Championship,NY-2017-09,New York,,
competitions-view?id=1599,03/25/2017,Iron City Open,AL-2017-01,Alabama,,
competitions-view?id=1602,03/25/2017,2017 South Dakota State Championships,SD-2017-01,South Dakota,,
competitions-view?id=1582,03/19/2017,2017 Whippany Athletic Club Spring Classic,NJ-2017-03,New Jersey,,
competitions-view?id=1585,03/19/2017,Men's Chicagoland Raw Open,IL-2017-02,Illinois,,
competitions-view?id=1571,03/18/2017,Exile Open,MD-2017-02,Maryland,,
competitions-view?id=1573,03/18/2017,2017 New Mexico Open State Championships,NM-2017-01,New Mexico,,
competitions-view?id=1590,03/18/2017,2017 Washington State Championships,WA-2017-01,Washington,,
competitions-view?id=1591,03/18/2017,920 Raw Open,WI-2017-05,Wisconsin,,
competitions-view?id=1536,03/12/2017,7th Annual Ryan Moore New England States Open High School Championshp,MA-2017-02,Massachusetts,,
competitions-view?id=1531,03/12/2017,University Academy Qualifier,LA-2017-09,Louisiana,,
competitions-view?id=1537,03/11/2017,2017 Military Nationals,NS-2017-06,Nationals,,
competitions-view?id=1538,03/11/2017,Cajun Pride National Qualifier,LA-2017-08,Louisiana,,
competitions-view?id=1539,03/11/2017,2017 Wisconsin State High School Championships,WI-2017-01,Wisconsin,,
competitions-view?id=1540,03/11/2017,2017 Cowboy State Raw,WY-2017-02,Wyoming,,
competitions-view?id=1533,03/11/2017,2017 Woodward Academy High School Invitational,IA-2017-04,Iowa,,
competitions-view?id=1535,03/11/2017,2017 Spring Forward Championship,NY-2017-01,New York,,
competitions-view?id=1549,03/05/2017,Arnold - Titan Pro Bench Bash,USAPL-2017-01,Ohio,,
competitions-view?id=1524,03/05/2017,Arnold - Slingshot Pro Deadlift,USAPL-2017-01,Ohio,,
competitions-view?id=1525,03/05/2017,Arnold - NextLifter Ohio Classic,USAPL-2017-01,Ohio,,
competitions-view?id=1597,03/04/2017,2017 Minnesota State Men's Powerlifting Championships,MN-2017-04,Minnesota,,
competitions-view?id=1518,03/04/2017,Quad City Throw Down,IA-2017-02,Iowa,,
competitions-view?id=1520,03/04/2017,2017 Arlington Strength Raw Classic,TX-2017-03,Texas,,
competitions-view?id=1523,03/04/2017,Arnold - SSP Nutrition Pro Raw Bench,USAPL-2017-01,Ohio,,
competitions-view?id=1528,03/04/2017,Arnold - Grand Prix,USAPL-2017-01,Ohio,,
competitions-view?id=1530,03/04/2017,Arnold - Slingshot Pro American,USAPL-2017-01,Ohio,,
competitions-view?id=1542,03/03/2017,Arnold - A7 Bar Grip Pro Raw Challenge,USAPL-2017-01,Ohio,,
competitions-view?id=1514,03/03/2017,2017 Southern Iron Raw Open,TN-2017-02,Tennessee,,
competitions-view?id=1497,02/26/2017,2017 Bare Bones Qualifier,TX-2017-09,Texas,,
competitions-view?id=1500,02/26/2017,Cudahy High School National Qualifier,WI-2017-07,Wisconsin,,
competitions-view?id=1502,02/26/2017,2017 Texas Strength Classic,TX-2017-06,Texas,,
competitions-view?id=1579,02/25/2017,South Dakota High School Qualifier,SD-2017-02,South Dakota,,
competitions-view?id=1593,02/25/2017,Terrapin Open,MD-2017-01,Maryland,,
competitions-view?id=1493,02/25/2017,Tempe Classic,AZ-2017-03,Arizona,,
competitions-view?id=1495,02/25/2017,2017 Michigan High School Qualifier,MI-2017-07,Michigan,,
competitions-view?id=1496,02/25/2017,Alabama State Championships,AL-2017-02,Alabama,,
competitions-view?id=1501,02/25/2017,2017 Virginia State Championship,VA-2017-01,Virginia,,
competitions-view?id=1503,02/25/2017,5th Annual Winter Classic,MA-2017-03,Massachusetts,,
competitions-view?id=1506,02/25/2017,2017 Liberty Bell Classic,PA-2017-01,Pennsylvania,,
competitions-view?id=1512,02/25/2017,3rd Frostbite Challenge,AK-2017-03,Alaska,,
competitions-view?id=1534,02/25/2017,Idaho State Championships,ID-2017-01,Idaho,,
competitions-view?id=1478,02/19/2017,2017 Brand X Method Teen Junior Championship,CA-2017-01,California,,
competitions-view?id=1490,02/19/2017,2017 Murder of Crows Open,NY-2017-08,New York,,
competitions-view?id=1572,02/18/2017,2017 Glen Mills Invitational,PA-2017-06,Pennsylvania,,
competitions-view?id=1607,02/18/2017,2017 Aggie Showdown,TX-2017-02,Texas,,
competitions-view?id=1674,02/18/2017,Connecticut Winter Invitational,CT-2017-02,Connecticut,,
competitions-view?id=1477,02/18/2017,Youth Nationals,NS-2017-06,California,,
competitions-view?id=1481,02/18/2017,2017 Minnesota Women's State Championship,MN-2017-01,Minnesota,,
competitions-view?id=1507,02/18/2017,Pelican State Open & Free High School Qualifier,LA-2017-01,Louisiana,,
competitions-view?id=1465,02/12/2017,4th Annual Elite High School Cup,MA-2017-04,Massachusetts,,
competitions-view?id=1508,02/12/2017,Illinois Women's Raw Open,IL-2017-01,Illinois,,
competitions-view?id=1467,02/11/2017,Montana State Championships,MT-2017-01,Montana,,
competitions-view?id=1488,02/11/2017,2017 Pure Fitness Open,WI-2017-03,Wisconsin,,
competitions-view?id=1516,02/11/2017,2017 Colorado State Championships,CO-2017-01,Colorado,,
competitions-view?id=1448,02/05/2017,2017 SBWC Winter Invitational,NY-2017-04,New York,,
competitions-view?id=1444,02/04/2017,2017 Minnesota High School State Championship,MN-2017-02,Minnesota,,
competitions-view?id=1449,02/04/2017,Winter Open,PA-2017-02,Pennsylvania,,
competitions-view?id=1455,02/04/2017,Georgia State Championships,GA-2017-02,Georgia,,
competitions-view?id=1456,02/04/2017,Georgia High School State Championships,GA-2017-01,Georgia,,
competitions-view?id=1458,02/04/2017,Beyond Limits Classic,OH-2017-05,Ohio,,
competitions-view?id=1460,02/04/2017,South Louisiana High School Qualifier,LA-2017-07,Louisiana,,
competitions-view?id=1471,02/04/2017,2017 Silver Star Open,WI-2017-04,Wisconsin,,
competitions-view?id=1439,01/29/2017,Reykjavík International Games,,,,
competitions-view?id=1482,01/29/2017,2017 Spartan Open,CA-2017-03,California,,
competitions-view?id=1438,01/28/2017,Arizona Winter High School Championships & Open,AZ-2017-01,Arizona,,
competitions-view?id=1440,01/28/2017,Kentucky Open Raw Championship,KY-2017-01,Kentucky,,
competitions-view?id=1450,01/28/2017,Northeast Iron Beast Classic IV NYS Championships,NY-2017-03,New York,,
competitions-view?id=1463,01/28/2017,2017 Wisconsin State Open,WI-2017-02,Wisconsin,,
competitions-view?id=1435,01/22/2017,2017 Garden State Winter War,NJ-2017-01,New Jersey,,
competitions-view?id=1489,01/22/2017,Juggernaut Winter Open,CA-2017-02,California,,
competitions-view?id=1429,01/21/2017,2017 North Mississippi Championships,MS-2017-01,Mississippi,,
competitions-view?id=1430,01/21/2017,"2017 ""Rookie"" Competition",WA-2017-02,Washington,,
competitions-view?id=1431,01/21/2017,Boynton Barbell Center Powerlifting Championship,FL-2017-01,Florida,,
competitions-view?id=1433,01/21/2017,2017 Des Moines Metro Classic,IA-2017-01,Iowa,,
competitions-view?id=1441,01/21/2017,2017 Oklahoma State Championships,OK-2017-01,Oklahoma,,
competitions-view?id=1483,01/21/2017,2017 Tenth Annual Capital City Clash,NE-2017-01,Nebraska,,
competitions-view?id=1437,01/15/2017,Illinois Collegiate Powerlifting Meet,IL-2017-04,Illinois,,
competitions-view?id=1487,01/15/2017,2017 Winter Games of Texas,TX-2017-01,Texas,,
competitions-view?id=1425,01/14/2017,St John's High School Raw Classic,MA-2017-01,Massachusetts,,
competitions-view?id=1427,01/14/2017,2017 Louisiana State Championship,LA-2017-03,Louisiana,,
competitions-view?id=1428,01/14/2017,Worcester Open,MA-2017-01,Massachusetts,,
competitions-view?id=1423,01/07/2017,Wyoming State Powerlifting & BP Championships,WY-2017-01,Wyoming,,
competitions-view?id=1416,12/17/2016,2016 Winter Pure Fitness Open,WI-2016-15,Wisconsin,,
competitions-view?id=1417,12/17/2016,2016 Philadelphia LOVE Championship,PA-2016-12,Pennsylvania,,
competitions-view?id=1424,12/17/2016,2016 SkillCom Competition,NV-2016-02,Nevada,,
competitions-view?id=1422,12/16/2016,2016 High School Raw Nationals,NS-2016-09,Nationals,,
competitions-view?id=1401,12/11/2016,Midwest Senior States,NE-2016-05,Nebraska,,
competitions-view?id=1398,12/10/2016,2016 Sioux Empire Push-Pull Open,SD-2016-03,South Dakota,,
competitions-view?id=1399,12/10/2016,Power for a Purpose,WV-2016-01,West Virginia,,
competitions-view?id=1400,12/10/2016,Brother Bennett Memorial,MS-2016-04,Mississippi,,
competitions-view?id=1402,12/10/2016,2016 Michigan No Frills Meet #2,MI-2016-08,Michigan,,
competitions-view?id=1404,12/10/2016,Team Phoinix Holiday Classic 2016,WA-2016-06,Washington,,
competitions-view?id=1405,12/10/2016,2016 Holiday Havoc,PA-2016-17,Pennsylvania,,
competitions-view?id=1406,12/10/2016,Powerlifting for Pink,GA-2016-08,Georgia,,
competitions-view?id=1407,12/10/2016,La Tech Intersquad Meet,LA-2016-10,Louisiana,,
competitions-view?id=1408,12/10/2016,Beast of the Metro East,IL-2016-08,Illinois,,
competitions-view?id=1412,12/10/2016,16th Ketchikan Winter Meet,AK-2016-14,Alaska,,
competitions-view?id=1414,12/10/2016,Next Level Fitness Lift4Life Raw Open,MN-2016-08,Minnesota,,
competitions-view?id=1418,12/10/2016,Blizzard Classic,WI-2016-14,Wisconsin,,
competitions-view?id=1420,12/09/2016,2016 American Open/Police + Fire Nationals,NS-016-07,Nationals,,
competitions-view?id=1480,12/09/2016,2016 Southeast Regionals,RG-2016-06,Florida,,
competitions-view?id=1386,12/04/2016,No Frills Red Hawke Open,OH-2016-10,Ohio,,
competitions-view?id=1392,12/04/2016,New Jersey Collegiate Invitational Championship,NJ-2016-08,New Jersey,,
competitions-view?id=1396,12/04/2016,2016 California Winter Classic,CA-2016-10,California,,
competitions-view?id=1389,12/03/2016,Kansas State Open,KS-2016-03,Kansas,,
competitions-view?id=1390,12/03/2016,2016 Maryland Collegiate Duel,MD-2016-07,Maryland,,
competitions-view?id=1393,12/03/2016,2016 Southside Fall Classic,AK-2016-10,Alaska,,
competitions-view?id=1394,12/03/2016,Winter Wars,ID-2016-04,Idaho,,
competitions-view?id=1397,12/03/2016,Southern Regional Championships,RG-2016-03,Texas,,
competitions-view?id=1413,12/03/2016,2016 New England Open,RI-2016-03,Rhode Island,,
competitions-view?id=1395,12/02/2016,2016 Colorado State Championships,CO-2016-04,Colorado,,
competitions-view?id=1385,11/20/2016,13th Annual Florida Collegiate Powerlifting Championships,FL-2016-08,Florida,,
competitions-view?id=1376,11/19/2016,Abbeville Open & Louisiana Collegiate Championship,LA-2016-08,Louisiana,,
competitions-view?id=1377,11/19/2016,2016 Trojan Iron Wars,WY-2016-03,Wyoming,,
competitions-view?id=1378,11/19/2016,Power on the Platte,NE-2016-04,Nebraska,,
competitions-view?id=1381,11/19/2016,2016 Longhorn Open,TX-2016-15,Texas,,
competitions-view?id=1387,11/19/2016,2016 Northeast & Mid-Atlantic Regionals,RG-2016-05,Regionals,,
competitions-view?id=1388,11/19/2016,Deadlift and Push-Pull Nationals,NS-2016-10,Nationals,,
competitions-view?id=1375,11/14/2016,2016 IPF Open Worlds,,Florida,,
competitions-view?id=1374,11/13/2016,New Jersey Iron Gobbler Championship,NJ-2016-04,New Jersey,,
competitions-view?id=1367,11/12/2016,2016 SoHi Fall Classic,AK-2016-15,Alaska,,
competitions-view?id=1369,11/12/2016,Solcana Open Bench Press Championship,MN-2016-09,Minnesota,,
competitions-view?id=1370,11/12/2016,Ivy League Championship,NY-2016-13,New York,,
competitions-view?id=1372,11/12/2016,Connecticut Deadlift Against Diabetes,CT-2016-05,Connecticut,,
competitions-view?id=1373,11/12/2016,Arizona 2016 Fall Classic,AZ-2016-06,Arizona,,
competitions-view?id=1380,11/12/2016,Iron Lion 2016,PA-2016-16,Pennsylvania,,
competitions-view?id=1365,11/06/2016,Chicago Raw Novice,IL-2016-07,Illinois,,
competitions-view?id=1360,11/05/2016,New Hampshire State Championships,NH-2016-02,New Hampshire,,
competitions-view?id=1361,11/05/2016,Fall Festival of Power,NC-2016-03,North Carolina,,
competitions-view?id=1362,11/05/2016,2016 SBWC Fall Classic,NY-2016-07,New York,,
competitions-view?id=1363,11/05/2016,2016 Northwest Regional Championships,RG-2016-01,Regionals,,
competitions-view?id=1364,11/05/2016,2016 Mid-West & Central Region Championships,RG-2016-02,Regionals,,
competitions-view?id=1368,11/05/2016,2016 Virginia State Championship,VA-2016-05,Virginia,,
competitions-view?id=1371,11/05/2016,Michigan Powerlifting & BP State Championships,MI-2016-05,Michigan,,
competitions-view?id=1403,11/05/2016,2016 Raw Collegiate Cup,TX-2016-10,Texas,,
competitions-view?id=1727,11/04/2016,Rise of the Dead Push Pull,TX-2016-13,Texas,,
competitions-view?id=1419,10/30/2016,Pittsburgh Raw Open,PA-2016-14,Pennsylvania,,
competitions-view?id=1358,10/29/2016,Western Wisconsin Open,WI-2016-11,Wisconsin,,
competitions-view?id=1379,10/28/2016,2016 NAPF Bench Press Championships (San Jose - Costa Rica),NAPF,,,
competitions-view?id=1359,10/25/2016,Southwest Regionals & Ferrigno Power Classic,RG-2016-04,Regionals,,
competitions-view?id=1356,10/22/2016,Noonan Barbell Raw Open,MN-2016-03,Minnesota,,
competitions-view?id=1354,10/13/2016,Raw Nationals 2016,NS-2016-04,Georgia,,
competitions-view?id=1357,10/08/2016,Connecticut Bench Press Against Breast Cancer,CT-2016-04,Connecticut,,
competitions-view?id=1353,10/03/2016,IPF Master Worlds (Tallinn Estonia),,,,
competitions-view?id=1352,10/02/2016,New York State Championships,NY-2016-01,New York,,
competitions-view?id=1348,09/25/2016,2016 New Jersey Heavy Metal Classic,NJ-2016-06,New Jersey,,
competitions-view?id=1349,09/25/2016,10th Annual South Florida Open Powerlifting Championships,FL-2016-06,Florida,,
competitions-view?id=1351,09/25/2016,Colorado Fall Open,CO-2016-03,Colorado,,
competitions-view?id=1342,09/24/2016,Lake Pleasant Classic,AZ-2016-04,Arizona,,
competitions-view?id=1343,09/24/2016,Alaska Muscle Fall Raw Open,AK-2016-12,Alaska,,
competitions-view?id=1344,09/24/2016,Grand Rapids BarBellum,MI-2016-07,Michigan,,
competitions-view?id=1345,09/24/2016,2016 Pure Fitness Open,WI-2016-10,Wisconsin,,
competitions-view?id=1346,09/24/2016,Boss of Norcal 3,CA-2016-05,California,,
competitions-view?id=1350,09/24/2016,2016 Solcana Novice Meet,MN-2016-07,Minnesota,,
competitions-view?id=1332,09/18/2016,2016 New Mexico Fall Classic,NM-2016-02,New Mexico,,
competitions-view?id=1335,09/18/2016,Windy City Raw Bench,IL-2016-06,Illinois,,
competitions-view?id=1336,09/18/2016,SCI-Graterford Powerlifting Meet,PA-2016-13,Pennsylvania,,
competitions-view?id=1331,09/17/2016,Buffalo Fall Powerfest,NY-2016-12,New York,,
competitions-view?id=1333,09/17/2016,Best in the Midwest Raw Deadlift Challenge,KS-2016-02,Kansas,,
competitions-view?id=1337,09/17/2016,2016 Right to Bear Iron,CA-2016-09,California,,
competitions-view?id=1340,09/17/2016,2016 USA Powerlifting 8th Annual Iron Wars,TX-2016-11,Texas,,
competitions-view?id=1809,09/11/2016,2016  NJ State Push-Pull Championships,NJ-2016-07,New Jersey,,
competitions-view?id=1326,09/11/2016,No Frills Quest Qualifier,GA-2016-09,Georgia,,
competitions-view?id=1341,09/11/2016,USA Powerlifting Connecticut Last Show for Nationals,CT-2016-03,Connecticut,,
competitions-view?id=1324,09/10/2016,Bench Press Nationals,NS-2016-05,Nationals,,
competitions-view?id=1325,09/10/2016,Michigan BarBellum,MI-2016-09,Michigan,,
competitions-view?id=1327,09/10/2016,Southern Indiana Fall Raw Classic,IN-2016-02,Indiana,,
competitions-view?id=1328,09/10/2016,Squats & Science Raw Powerlifting Challenge,NY-2016-11,New York,,
competitions-view?id=1322,09/04/2016,New Orleans Invitational,LA-2016-09,Louisiana,,
competitions-view?id=1323,09/03/2016,2016 Last Chance Qualifier,MO-2016-02,Missouri,,
competitions-view?id=1338,08/29/2016,IPF SubJr-Junior Worlds - Szczyrk Poland,,,,
competitions-view?id=1321,08/28/2016,Late Summer Qualifier,TX-2016-14,Texas,,
competitions-view?id=1308,08/27/2016,2016 Summer End,WA-2016-05,Washington,,
competitions-view?id=1309,08/27/2016,M'powered Raw Ruckus,ID-2016-02,Idaho,,
competitions-view?id=1312,08/27/2016,Newport Open,RI-2016-02,Rhode Island,,
competitions-view?id=1319,08/27/2016,2016 Bucks County Powerlifting Meet,PA-2016-06,Pennsylvania,,
competitions-view?id=1317,08/25/2016,3rd Alaska State Fair Challenge,AK-2016-13,Alaska,,
competitions-view?id=1311,08/20/2016,Maryland State Championship,MD-2016-06,Maryland,,
competitions-view?id=1314,08/20/2016,Twin Cities Open,MN-2016-06,Minnesota,,
competitions-view?id=1318,08/20/2016,Wolf Open,WI-2016-05,Wisconsin,,
competitions-view?id=1301,08/15/2016,14th Annual North American Championships,,,,
competitions-view?id=1295,08/13/2016,Northern NY Championships,NY-2016-10,New York,,
competitions-view?id=1296,08/13/2016,Powerlifting for Pups,GA-2016-05,Georgia,,
competitions-view?id=1300,08/13/2016,Juggernaut Summer Showdown,CA-2016-08,California,,
competitions-view?id=1302,08/13/2016,4th Annual Patriot Open,NE-2016-02,Nebraska,,
competitions-view?id=1303,08/13/2016,2016 Palmetto Classic,SC-2016-02,South Carolina,,
competitions-view?id=1305,08/13/2016,3rd Annual NoVa Open,VA-2016-04,Virginia,,
competitions-view?id=1293,08/06/2016,Montana State Raw Championship,MT-2016-01,Montana,,
competitions-view?id=1294,08/06/2016,Iron Works Open XII,MI-2016-03,Michigan,,
competitions-view?id=1304,08/06/2016,Summer Classic,PA-2016-09,Pennsylvania,,
competitions-view?id=1299,08/05/2016,34th Annual New Jersey State Championships,NJ-2016-05,New Jersey,,
competitions-view?id=1286,07/30/2016,Staten Island Championships,NY-2016-08,New York,,
competitions-view?id=1287,07/30/2016,2016 Procrastinators Championships,NC-2016-01,North Carolina,,
competitions-view?id=1288,07/30/2016,2016 Iowa State Open,IA-2016-02,Iowa,,
competitions-view?id=1292,07/30/2016,Ohio State Championship,OH-2016-04,Ohio,,
competitions-view?id=1297,07/30/2016,Rocky Mountain State Games,CO-2016-02,Colorado,,
competitions-view?id=1283,07/23/2016,"Border Bash ""Alabama vs Georgia""",AL-2016-02,Alabama,,
competitions-view?id=1284,07/23/2016,Washington State Junior & Collegiate Open,WA-2016-04,Washington,,
competitions-view?id=1285,07/23/2016,PurePowerlifting Summer Classic,PA-2016-11,Pennsylvania,,
competitions-view?id=1291,07/23/2016,5th Annual Central Florida Powerlifting Championships,FL-2016-05,Florida,,
competitions-view?id=1276,07/23/2016,2016 WHSPA Raw State Championship,WI-2016-13,Wisconsin,,
competitions-view?id=1278,07/23/2016,PurePowerlifting Summer Classic,PA-2016-11,Pennsylvania,,
competitions-view?id=1280,07/16/2016,Louisiana Summer Classic,LA-2016-04,Louisiana,,
competitions-view?id=1306,07/16/2016,Baltimore Raw Full-Lift Open,MD-2016-04,Maryland,,
competitions-view?id=1267,07/16/2016,920 Raw Open,WI-2016-09,Wisconsin,,
competitions-view?id=1269,07/16/2016,Soldotna Stars Summer Classic,AK-2016-11,Alaska,,
competitions-view?id=1271,07/16/2016,Mississippi Bench & Powerlifting Championships,MS-2016-02,Mississippi,,
competitions-view?id=1272,07/16/2016,Women of Steel Summer Showdown,MN-2016-05,Minnesota,,
competitions-view?id=1274,07/16/2016,2016 Summer Power Fest,TX-2016-05,Texas,,
competitions-view?id=1275,07/16/2016,2016 Virginia Beach Battle,VA-2016-03,Virginia,,
competitions-view?id=1277,07/16/2016,2016 California State Games,CA-2016-07,California,,
competitions-view?id=1279,07/11/2016,1st IPF University Powerlifting World Cup,,,,
competitions-view?id=1264,07/09/2016,Liberty Games,NY-2016-09,New York,,
competitions-view?id=1266,07/09/2016,Kilo Classic,GA-2016-07,Georgia,,
competitions-view?id=1270,07/09/2016,2nd Annual Route 66 Classic,AZ-2016-05,Arizona,,
competitions-view?id=1260,06/18/2016,IPF Classic Worlds,,Texas,,
competitions-view?id=1251,06/11/2016,2016 Twin Ports Raw Open,MN-2016-02,Minnesota,,
competitions-view?id=1253,06/11/2016,Badger Open 2016,WI-2016-06,Wisconsin,,
competitions-view?id=1258,06/11/2016,37th Annual Sunshine State Games,FL-2016-04,Florida,,
competitions-view?id=1261,06/11/2016,Alaska Deadlift Invitational,AK-2016-06,Alaska,,
competitions-view?id=1787,06/11/2016,Åpent stevne,Norway,,,
competitions-view?id=1257,06/10/2016,Summer Showdown,GA-2016-04,Georgia,,
competitions-view?id=1247,06/05/2016,New Jersey Summer Classic,NJ-2016-02,New Jersey,,
competitions-view?id=1240,06/04/2016,Lift4Life Meet 2016,OH-2016-08,Ohio,,
competitions-view?id=1241,06/04/2016,Kansas Heavy Metal Open,KS-2016-01,Kansas,,
competitions-view?id=1242,06/04/2016,MI Ironman Push/Pull or Bench Only Championships,MI-2016-04,Michigan,,
competitions-view?id=1244,06/04/2016,2016 Missouri State Open,MO-2016-01,Missouri,,
competitions-view?id=1246,06/04/2016,Bodybuilding.com Fit Expo Pro Deadlift,ID-2016-01,Idaho,,
competitions-view?id=1249,06/04/2016,2016 North Carolina State Championships,NC-2016-02,North Carolina,,
competitions-view?id=1239,05/29/2016,2016 Central Texas Classic,TX-2016-09,Texas,,
competitions-view?id=1282,05/28/2016,Idaho RAW Classic,ID-2016-03,Idaho,,
competitions-view?id=1229,05/28/2016,Nevada State Championships,NV-2016-01,Nevada,,
competitions-view?id=1238,05/28/2016,MA and RI Open State Championships,RI-2016-01,Rhode Island,,
competitions-view?id=1243,05/28/2016,35th Annual Florida State Powerlifting Championship,FL-2016-03,Florida,,
competitions-view?id=1232,05/21/2016,Philadelphia Freedom Championship,PA-2016-05,Pennsylvania,,
competitions-view?id=1221,05/20/2016,USA Powerlifting Open Nationals,NS-2016-01,Colorado,,
competitions-view?id=1237,05/15/2016,IPF Classic Bench Worlds - South Africa,,,,
competitions-view?id=1219,05/14/2016,2nd Annual Boynton Barbell Raw Powerlifting Championship,FL-2016-02,Florida,,
competitions-view?id=1220,05/14/2016,Westchester Championships,NY-2016-06,New York,,
competitions-view?id=1222,05/14/2016,2016 Louisiana State Games,LA-2016-05,Louisiana,,
competitions-view?id=1224,05/14/2016,Boss of NorCal,CA-2016-04,California,,
competitions-view?id=1227,05/14/2016,Pennsylvania State BP/DL Championships,PA-2016-01,Pennsylvania,,
competitions-view?id=1208,05/07/2016,Granite State Open,NH-2016-01,New Hampshire,,
competitions-view?id=1210,05/07/2016,3rd Annual Connecticut Spring Classic,CT-2016-02,Connecticut,,
competitions-view?id=1214,05/07/2016,Lift for Life,GA-2016-03,Georgia,,
competitions-view?id=1216,05/07/2016,2016 CBC Powerlifting Championships,TX-2016-06,Texas,,
competitions-view?id=1218,05/07/2016,Empire Classic Powerlifting Championships,WA-2016-02,Washington,,
competitions-view?id=1230,05/07/2016,19th Ketchikan Spring Powerlifting Meet,AK-2016-09,Alaska,,
competitions-view?id=1197,04/30/2016,Nebraska State Championships & Husker Open,NE-2016-03,Nebraska,,
competitions-view?id=1198,04/30/2016,SBWC Spring Classic,NY-2016-03,New York,,
competitions-view?id=1199,04/30/2016,32nd Alaska State Championship,AK-2016-07,Alaska,,
competitions-view?id=1200,04/30/2016,Spring Fling at CrossFit Future,OH-2016-06,Ohio,,
competitions-view?id=1201,04/30/2016,2016 Illinois State Championships,IL-2016-05,Illinois,,
competitions-view?id=1212,04/30/2016,Arizona High School Championship & Spring Open,AZ-2016-03,Arizona,,
competitions-view?id=1217,04/30/2016,2016 Island Qualifier,HI-2016-01,Hawaii,,
competitions-view?id=1202,04/24/2016,Inaugural MASS Weekend Powerlifting Meet,VA-2016-02,Virginia,,
competitions-view?id=1191,04/23/2016,2016 Cudahy Open,WI-2016-07,Wisconsin,,
competitions-view?id=1194,04/23/2016,Southeast RAW Showdown,MN-2016-04,Minnesota,,
competitions-view?id=1196,04/23/2016,Explosive Mechanics Day of Mayhem,GA-2016-06,Georgia,,
competitions-view?id=1339,04/19/2016,IPF Bench Worlds - Rodby Denmark,,,,
competitions-view?id=1185,04/18/2016,2016 USA Powerlifting Bare Bones Qualifer,TX-2016-12,Texas,,
competitions-view?id=1192,04/17/2016,RevFit Closed Meet,MS-2016-03,Mississippi,,
competitions-view?id=1290,04/16/2016,2016 California State Championships,CA-2016-03,California,,
competitions-view?id=1180,04/16/2016,All Midwest Raw Bench,IL-2016-03,Illinois,,
competitions-view?id=1184,04/16/2016,ABBRx Natural and Fit USA Powerlifting Meet,MI-2016-01,Michigan,,
competitions-view?id=1190,04/16/2016,2016 Equinox Open,MD-2016-05,Maryland,,
competitions-view?id=1182,04/14/2016,2016 USA Powerlifting Collegiate Nationals,NS-2016-06,Nationals,,
competitions-view?id=1188,04/09/2016,Texas State Championships,TX-2016-03,Texas,,
competitions-view?id=1173,04/03/2016,USA Powerlifting Mean Green Classic,TX-2016-07,Texas,,
competitions-view?id=1160,04/02/2016,Arizona State Championships,AZ-2016-02,Arizona,,
competitions-view?id=1162,04/02/2016,Oregon State Championships,OR-2016-01,Oregon,,
competitions-view?id=1163,04/02/2016,2016 USA Powerlifting Midtown Spring Fling,CA-2016-06,California,,
competitions-view?id=1165,04/02/2016,Georgia Spring Open,GA-2016-02,Georgia,,
competitions-view?id=1171,04/02/2016,USA Powerlifting Zephyrs Fitness Open,OH-2016-07,Ohio,,
competitions-view?id=1262,04/02/2016,Southern Indiana Spring Classic,IN-2016-01,Indiana,,
competitions-view?id=1161,04/01/2016,USA Powerlifting High School Nationals,NS-2016-02,Nationals,,
competitions-view?id=1156,03/26/2016,USA Powerlifting Penn State - State Penn Throw Down,PA-2016-08,Pennsylvania,,
competitions-view?id=1157,03/26/2016,USA Powerlifting Pelican State Open and National Meet Qualifier,LA-2016-02,Louisiana,,
competitions-view?id=1144,03/20/2016,2016 USA Powerlifting Whippany Athletic Club Spring Classic,NJ-2016-03,New Jersey,,
competitions-view?id=1166,03/20/2016,2016 USA Powerlifting Orlando Open Championships,FL-2016-01,Florida,,
competitions-view?id=1142,03/19/2016,USA Powerlifting Eastern Bench Open,MD-2016-03,Maryland,,
competitions-view?id=1147,03/19/2016,USA Powerlifting Duke City Showdown,NM-2016-01,New Mexico,,
competitions-view?id=1149,03/19/2016,USA Powerlifting Battle on the Border X,SC-2016-01,South Carolina,,
competitions-view?id=1152,03/19/2016,USA Powerlifting North MS Championships,MS-2016-01,Mississippi,,
competitions-view?id=1153,03/19/2016,Western NY Championships,NY-2016-05,New York,,
competitions-view?id=1154,03/19/2016,2016 USA Powerlifting Brand X Method youth/teen/junior Showdown,CA-2016-02,California,,
competitions-view?id=1155,03/19/2016,USA Powerlifting Pennsylvania States Championships,PA-2016-04,Pennsylvania,,
competitions-view?id=1169,03/19/2016,USA Powerlifting Military Nationals,NS-2016-03,Nationals,,
competitions-view?id=1135,03/13/2016,6th Annual Ryan Moore New England Open High School Championship,MA-2016-03,Massachusetts,,
competitions-view?id=1150,03/13/2016,USA Powerlifting Texas Strength Classic,TX-2016-04,Texas,,
competitions-view?id=1132,03/12/2016,2016 USA Powerlifting Anchorage High School Classic,AK-2016-05,Alaska,,
competitions-view?id=1134,03/12/2016,"USA Powerlifting Michigan Annual ""No Frills"" Qualifier",MI-2016-02,Michigan,,
competitions-view?id=1136,03/12/2016,2016 Cowboy State Raw USA Powerlifting Meet,WY-2016-04,Wyoming,,
competitions-view?id=1140,03/12/2016,2016 USA Powerlifting Cajun Pride,LA-2016-06,Louisiana,,
competitions-view?id=1146,03/12/2016,SCI-Graterford USA Powerlifting Meet,PA-2016-07,Pennsylvania,,
competitions-view?id=1151,03/12/2016,USA Powerlifting Glen Mills High School National Qualifying Meet,PA-2016-10,Pennsylvania,,
competitions-view?id=1474,03/11/2016,WHSPA State Meet,WI-2016-03,Wisconsin,,
competitions-view?id=1120,03/06/2016,Arnold - NextLifter Ohio Classic Push-pull,USAPL-2016-01,Ohio,,
competitions-view?id=1121,03/06/2016,Arnold - SlingShot Pro Deadlift,USAPL-2016-01,Ohio,,
competitions-view?id=1123,03/06/2016,Arnold - Titan Pro Raw Bench Bash,USAPL-2016-01,Ohio,,
competitions-view?id=1138,03/06/2016,USA Powerlifting Chicagoland Men's Open Power,IL-2016-02,Illinois,,
competitions-view?id=1118,03/05/2016,Arnold - SlingShot Pro American,USAPL-2016-01,Ohio,,
competitions-view?id=1119,03/05/2016,Arnold - SSP Nutrition Pro Raw Bench,USAPL-2016-01,Ohio,,
competitions-view?id=1158,03/05/2016,2016 USA Powerlifting Terrapin Open,MD-2016-02,Maryland,,
competitions-view?id=1193,03/05/2016,2016 Alaska Muscle Raw,AK-2016-04,Alaska,,
competitions-view?id=1122,03/04/2016,Arnold - StartingStrength.com Pro Raw Challenge,USAPL-2016-01,Ohio,,
competitions-view?id=1177,03/04/2016,2016 South Dakota USA Powerlifting Bench Press and Powerlifting Championships,SD-2016-01,South Dakota,,
competitions-view?id=1125,02/28/2016,2016 USA Powerlifting Bare Bones Qualifier,TX-2016-08,Texas,,
competitions-view?id=1130,02/28/2016,2016 USA Powerlifting Spartan Raw Championships,CA-2016-01,California,,
competitions-view?id=1115,02/27/2016,2016 South Milwaukee USA Powerlifting National Qualifier,WI-2016-08,Wisconsin,,
competitions-view?id=1116,02/27/2016,USA Powerlifting Winter Classic,MA-2016-02,Massachusetts,,
competitions-view?id=1124,02/27/2016,2016 USA Powerlifting Collegiate Qualifier,OH-2016-05,Ohio,,
competitions-view?id=1127,02/27/2016,USA Powerlifting Kenai Classic,AK-2016-03,Alaska,,
competitions-view?id=1129,02/27/2016,2016 USA Powerlifting Naturally Hardcore Classic,CT-2016-01,Connecticut,,
competitions-view?id=1099,02/20/2016,Woodward Academy USA Powerlifting High School Meet,IA-2016-01,Iowa,,
competitions-view?id=1101,02/20/2016,USA Powerlifting Washington State Championship,WA-2016-03,Washington,,
competitions-view?id=1111,02/20/2016,USA Powerlifting 2016 Richmond Open,VA-2016-01,Virginia,,
competitions-view?id=1113,02/20/2016,2016 USA Powerlifting Aggie Showdown,TX-2016-02,Texas,,
competitions-view?id=1114,02/20/2016,USA Powerlifting Alabama State Championships,AL-2016-01,Alabama,,
competitions-view?id=1167,02/20/2016,USA Powerlifting ​Minnesota State & Midwest Open 2016,MN-2016-01,Minnesota,,
competitions-view?id=1263,02/20/2016,3rd Frostbite Challenge,AK-2016-01,Alaska,,
competitions-view?id=1109,02/14/2016,2016 USA Powerlifting Youth National Championships,NS-2016-08,Nationals,,
competitions-view?id=1128,02/14/2016,USA Powerlifting Cenla High School Qualifying Meet,LA-2016-07,Louisiana,,
competitions-view?id=1087,02/13/2016,USA Powerlifting Ohio High School State Championship,OH-2016-03,Ohio,,
competitions-view?id=1097,02/13/2016,USA Powerlifting Citadel Nutrition Open,GA-2016-01,Georgia,,
competitions-view?id=1098,02/13/2016,2016 USA Powerlifting Northeast Regional Championships,NY-2016-04,New York,,
competitions-view?id=1100,02/13/2016,USA Powerlifting South Louisiana Qualifier,LA-2016-03,Louisiana,,
competitions-view?id=1104,02/13/2016,USA Powerlifting High School Qualifier,SD-2016-02,South Dakota,,
competitions-view?id=1108,02/13/2016,2016 USA Powerlifting RMLC Championships,CO-2016-01,Colorado,,
competitions-view?id=1110,02/13/2016,2016 USA Powerlifting River's Edge,IL-2016-04,Illinois,,
competitions-view?id=1095,02/07/2016,3rd Annual Elite Sports & Fitness High School USA Powerlifting Open,MA-2016-04,Massachusetts,,
competitions-view?id=1086,02/06/2016,USA Powerlifting Pure Fitness Open,WI-2016-04,Wisconsin,,
competitions-view?id=1105,02/06/2016,2016 USA Powerlifting Winter Open Championship,PA-2016-03,Pennsylvania,,
competitions-view?id=1085,01/31/2016,USA Powerlifting Illinois Women's Raw Open & Bench,IL-2016-01,Illinois,,
competitions-view?id=1084,01/30/2016,USA Powerlifting No Frills Blizzard Buster,OH-2016-01,Ohio,,
competitions-view?id=1245,01/30/2016,Athens Winter Showdown,MD-2016-01,Maryland,,
competitions-view?id=1254,01/30/2016,Reykjavik International Games,,,,
competitions-view?id=1075,01/24/2016,2016 USA Powerlifting Garden State Winter War,NJ-2016-01,New Jersey,,
competitions-view?id=1068,01/23/2016,USA Powerlifting 59 Bus Brewery Winter Classic,AZ-2016-01,Arizona,,
competitions-view?id=1071,01/23/2016,USA Powerlifting Southside Winter Classic,AK-2016-02,Alaska,,
competitions-view?id=1079,01/23/2016,Northeast Iron Beast USA Powerlifting Winter Classic III,NY-2016-02,New York,,
competitions-view?id=1083,01/23/2016,Ninth Annual USA Powerlifting Capitol City Clash,NE-2016-01,Nebraska,,
competitions-view?id=1076,01/17/2016,USA Powerlifting Winter Games of Texas,TX-2016-01,Texas,,
competitions-view?id=1067,01/16/2016,USA Powerlifting Wisconsin State Open,WI-2015-01,Wisconsin,,
competitions-view?id=1072,01/16/2016,2016 USA Powerlifting Louisiana State Championship,LA-2016-01,Louisiana,,
competitions-view?id=1073,01/16/2016,2016 USA Powerlifting Energy New Year Open,OH-2016-02,Ohio,,
competitions-view?id=1074,01/16/2016,USA Powerlifting Liberty Bell Classic,PA-2016-02,Pennsylvania,,
competitions-view?id=1078,01/16/2016,St. John's High School Classic and Worcester Open,MA-2016-01,Massachusetts,,
competitions-view?id=1059,01/09/2016,USA Powerlifting Trojan Iron Wars,WY-2016-02,Wyoming,,
competitions-view?id=1061,12/26/2015,USA Powerlifting Legends' Iron Christmas,LA-2015-10,Louisiana,,
competitions-view?id=1223,12/19/2015,Texas Regional Championships,TX-2015-07,Texas,,
competitions-view?id=1047,12/13/2015,2015 Southeastern USA Regional Championships,FL-2015-08,Florida,,
competitions-view?id=1051,12/13/2015,2015 USA Powerlifting Stars and Stripes Bench Press & Deadlift Championships,PA-2015-10,Pennsylvania,,
competitions-view?id=1038,12/12/2015,2015 USA Powerlifting Idaho State Powerlifting Championships,ID-2015-02,Idaho,,
competitions-view?id=1045,12/12/2015,USA Powerlifting Region VI Championship,MS-2015-03,Mississippi,,
competitions-view?id=1046,12/12/2015,USA Powerlifting Blizzard Classic,WI-2015-11,Wisconsin,,
competitions-view?id=1048,12/12/2015,USA Powerlifting Future Winter Meltdown,OH-2015-04,Ohio,,
competitions-view?id=1057,12/12/2015,USA Powerlifting Georgia & Southern States,GA-2015-05,Georgia,,
competitions-view?id=1062,12/12/2015,The USA Powerlifting Senior Powerlifting Championships,MN-2015-06,Minnesota,,
competitions-view?id=1082,12/12/2015,USA Powerlifting South Carolina State Championship,SC-2015-02,South Carolina,,
competitions-view?id=1024,12/05/2015,West Coast Regionals,NV-2015-03,Nevada,,
competitions-view?id=1031,12/05/2015,USAPL Kansas State Open,KS-2015-02,Kansas,,
competitions-view?id=1033,12/05/2015,USAPL Colorado State Championships,CO-2015-05,Colorado,,
competitions-view?id=1034,12/05/2015,La Tech Collegiate USA Powerlifting Qualifier,LA-2015-11,Louisiana,,
competitions-view?id=1036,12/05/2015,USA Powerlifting Team Phoinix Holliday Classic,WA-2015-09,Washington,,
competitions-view?id=1037,12/05/2015,Ketchikan Winter USA Powerlifting Meet,AK-2015-11,Alaska,,
competitions-view?id=1039,12/05/2015,USA Powerlifting Sioux Empire Push Pull,SD-2015-03,South Dakota,,
competitions-view?id=1040,12/05/2015,USA Powerlifting Northern California Regionals,CA-2015-06,California,,
competitions-view?id=1025,12/04/2015,14th Annual USAPL American Open Powerlifting Championships,NS-2015-07,Nationals,,
competitions-view?id=1170,11/21/2015,USAPL Louisiana Open & Collegiate Regionals,LA-2015-08,Louisiana,,
competitions-view?id=1006,11/21/2015,AZ Fall Championships,AZ-2015-04,Arizona,,
competitions-view?id=1008,11/21/2015,5th Annual Wyoming State USAPL Powerlifting Championships,WY-2015-02,Wyoming,,
competitions-view?id=1010,11/21/2015,USAPL Dena'ina Powerlifting Challenge,AK-2015-09,Alaska,,
competitions-view?id=1022,11/21/2015,USA Powerlifting Maryland State Championship,MD-2015-09,Maryland,,
competitions-view?id=1058,11/14/2015,2015 USAPL Virginia State Championships,VA-2015-04,Virginia,,
competitions-view?id=1330,11/14/2015,2015 Michigan Powerlifting and Bench Press Championships,MI-2015-05,Michigan,,
competitions-view?id=1176,11/14/2015,USAPL Power on the Platte,NE-2015-04,Nebraska,,
competitions-view?id=1009,11/14/2015,USA Powerlifting MUWC Red Hawk Open,OH-2015-06,Ohio,,
competitions-view?id=1011,11/14/2015,2015 USAPL Fall Classic/SoCal Regional,CA-2015-05,California,,
competitions-view?id=1013,11/14/2015,2015 USAPL Longhorn Open,TX-2015-09,Texas,,
competitions-view?id=1016,11/14/2015,Southside Winter Classic,AK-2015-08,Alaska,,
competitions-view?id=1310,11/09/2015,IPF Open Worlds Championships - Hamm (Luxembourg),,,,
competitions-view?id=999,11/07/2015,USAPL Connecticut Strength Sports Festival,CT-2015-04,Connecticut,,
competitions-view?id=1000,11/07/2015,2015 USAPL Battle of Belleville,IL-2015-02,Illinois,,
competitions-view?id=1001,11/07/2015,USAPL Fall Festival of Power,NC-2015-03,North Carolina,,
competitions-view?id=1002,11/07/2015,USAPL Wild West Showdown,NV-2015-04,Nevada,,
competitions-view?id=1003,11/07/2015,3rd Annual USAPL Powerlifting for Pink,GA-2015-04,Georgia,,
competitions-view?id=1015,11/07/2015,USAPL Connecticut Strength Sports Festival,CT-2015-04,Connecticut,,
competitions-view?id=1017,11/07/2015,2015 USAPL Iron Lion,PA-2015-09,Pennsylvania,,
competitions-view?id=1020,11/07/2015,USAPL Raw Collegiate Cup,TX-2015-08,Texas,,
competitions-view?id=1005,10/31/2015,USAPL Western Wisconsin Open,WI-2015-09,Wisconsin,,
competitions-view?id=1021,10/31/2015,Western Wisconsin Open - sactioned by USAPL,WI-2015-09,Wisconsin,,
competitions-view?id=1043,10/25/2015,USA Powerlifting Windy City Open Raw Bench,IL-2015-03,Illinois,,
competitions-view?id=1060,10/25/2015,12th Annual Florida Collegiate Powerlifting Championship,FL-2015-06,Florida,,
competitions-view?id=995,10/24/2015,USAPL Battle by the Island,OH-2015-07,Ohio,,
competitions-view?id=996,10/24/2015,2015 USAPL 7th Annual Columbia City Classic Powerlifting and BP/DL,WA-2015-06,Washington,,
competitions-view?id=992,10/15/2015,2015 Raw Nationals,NS-2015-06,Nationals,,
competitions-view?id=984,10/10/2015,Noonan Barbell USAPL Raw Open,MN-2015-05,Minnesota,,
competitions-view?id=983,10/03/2015,Northeast Iron Beast Fall USAPL Push/Pull,NY-2015-09,New York,,
competitions-view?id=942,09/26/2015,Solcana Beginners USA Powerlifting Meet,MN-2015-04,Minnesota,,
competitions-view?id=944,09/26/2015,USAPL Kalamazoo Klassic III,MI-2015-06,Michigan,,
competitions-view?id=945,09/26/2015,3rd Top of the World Powerlifting Challenge,AK-2015-07,Alaska,,
competitions-view?id=946,09/26/2015,9th Annual USAPL South Florida Open Powerlifting Championships,FL-2015-05,Florida,,
competitions-view?id=993,09/26/2015,Iron Wars,TX-2015-06,Texas,,
competitions-view?id=1255,09/25/2015,Arnold Classic Europe,,,,
competitions-view?id=985,09/20/2015,2015 USAPL Colosseum Clash,MD-2015-08,Maryland,,
competitions-view?id=928,09/19/2015,USAPL Route 66 Classic,AZ-2015-05,Arizona,,
competitions-view?id=929,09/19/2015,Pure Fitness Open,WI-2015-07,Wisconsin,,
competitions-view?id=998,09/19/2015,USAPL TEF Meet,CT-2015-05,Connecticut,,
competitions-view?id=1029,09/16/2015,NAPF Pan American & South American Championships Classic,,,,
competitions-view?id=923,09/15/2015,USAPL Warrior Closed,IN-2015-01,Indiana,,
competitions-view?id=925,09/12/2015,2015 USAPL CA Barbell LCQ,CA-2015-07,California,,
competitions-view?id=926,09/12/2015,SBWC Raw Open Powerlifting Fall Classic 2015,NY-2015-08,New York,,
competitions-view?id=927,09/12/2015,USAPL Separation Training Power Team Last Minute Qualifier,PA-2015-08,Pennsylvania,,
competitions-view?id=922,09/11/2015,Last Man Standing Qualifier,AK-2015-10,Alaska,,
competitions-view?id=915,09/05/2015,USAPL Legend's RAW National Qualifier,LA-2015-08,Louisiana,,
competitions-view?id=986,09/05/2015,2015 USAPL Push Pull Nationals,NS-2015-08,Nationals,,
competitions-view?id=882,08/31/2015,2015 IPF SubJr/Junior Worlds - Prague/ Czech Republic,,,,
competitions-view?id=871,08/29/2015,Music City Open,TN-2015-02,Tennessee,,
competitions-view?id=873,08/29/2015,2015 Great Lakes Sports Festival USAPL Pro Raw Deadlift,USAPL-2015-02,Pennsylvania,,
competitions-view?id=876,08/29/2015,No Frills,WI-2015-10,Wisconsin,,
competitions-view?id=921,08/29/2015,USAPL Bench Press Nationals,NS-2015-02,Nationals,,
competitions-view?id=869,08/27/2015,Alaska State Fair PL Challenge,AK-2015-07,Alaska,,
competitions-view?id=877,08/22/2015,2015 USAPL Future Summer Shakedown,OH-2015-05,Ohio,,
competitions-view?id=878,08/22/2015,Wolf Open,WI-2015-06,Wisconsin,,
competitions-view?id=879,08/22/2015,New England Open,ME-2015-01,Maine,,
competitions-view?id=883,08/22/2015,2015 Summers End,WA-2015-03,Washington,,
competitions-view?id=887,08/15/2015,NE USAPL Patriot Open,NE-2015-03,Nebraska,,
competitions-view?id=1174,08/15/2015,2015 USAPL Limitless Championship,NY-2015-07,New York,,
competitions-view?id=886,08/08/2015,Powerlifting For Pups,GA-2015-03,Georgia,,
competitions-view?id=888,08/01/2015,New Jersey State Championships,NJ-2015-01,New Jersey,,
competitions-view?id=890,08/01/2015,Ironwork's Open 2015,MI-2015-01,Michigan,,
competitions-view?id=892,07/26/2015,2015 Brown's Gym Qualifier for Nationals,PA-2015-07,Pennsylvania,,
competitions-view?id=884,07/25/2015,Rocky Mountain State Games,CO-2015-04,Colorado,,
competitions-view?id=889,07/25/2015,Central Florida Championship,FL-2015-04,Florida,,
competitions-view?id=893,07/25/2015,Mississippi State Champioship,MS-2015-02,Mississippi,,
competitions-view?id=989,07/25/2015,Summer Splash USAPL Powerlifting Meet,WI-2015-08,Wisconsin,,
competitions-view?id=910,07/19/2015,SSPT Invitational,MD-2015-06,Maryland,,
competitions-view?id=1281,07/18/2015,Gym and TLS Raw Challenge,PA-2015-06,Pennsylvania,,
competitions-view?id=894,07/18/2015,CA State Games Powerlifting,CA-2015-03,California,,
competitions-view?id=899,07/18/2015,2015 Louisiana Summer Classic,LA-2015-04,Louisiana,,
competitions-view?id=1055,07/12/2015,2015 USAPL Ohio State Championships,OH-2015-01,Ohio,,
competitions-view?id=901,07/11/2015,Liberty Games,NY-2015-03,New York,,
competitions-view?id=904,07/11/2015,USAPL Baltimore Raw Open,MD-2015-02,Maryland,,
competitions-view?id=1252,07/11/2015,2015 Summer Power Fest,TX-2015-03,Texas,,
competitions-view?id=1473,07/07/2015,13th Annual IPF/NAPF North American Regional Powerlifting Championships,,,,
competitions-view?id=897,07/04/2015,The Freedom Lift,AZ-2015-03,Arizona,,
competitions-view?id=908,06/28/2015,SBWC Summer Invitational 2015,NY-2015-06,New York,,
competitions-view?id=903,06/27/2015,Seattle Summer Classic 2015,WA-2015-08,Washington,,
competitions-view?id=906,06/27/2015,USAPL NorCal Open,CA-2015-04,California,,
competitions-view?id=902,06/26/2015,Summer Showdown,GA-2015-02,Georgia,,
competitions-view?id=909,06/20/2015,2015 USAPL MO State/Midwest Open,MO-2015-01,Missouri,,
competitions-view?id=907,06/13/2015,36th USAPL Florida Sunshine Games,FL-2015-03,Florida,,
competitions-view?id=916,06/13/2015,Badger Open 2015,WI-2015-05,Wisconsin,,
competitions-view?id=912,06/06/2015,KS Heavy Metal Open,KS-2015-01,Kansas,,
competitions-view?id=858,06/05/2015,2015 IPF Classic (Raw) Worlds,,,,
competitions-view?id=1089,05/30/2015,7th Annual Ironman (Push/Pull) Meet,MI-2015-03,Michigan,,
competitions-view?id=852,05/30/2015,USAPL Syke Out Classic,MD-2015-04,Maryland,,
competitions-view?id=854,05/30/2015,2015 USAPL North Carolina State Championships,NC-2015-02,North Carolina,,
competitions-view?id=855,05/30/2015,MA & RI Open State Championships,RI-2015-01,Massachusetts,,
competitions-view?id=913,05/30/2015,USAPL Twin Ports Raw Open,MN-2015-02,Minnesota,,
competitions-view?id=917,05/30/2015,USAPL Nevada State & West Coast Classic,NV-2015-02,Nevada,,
competitions-view?id=853,05/23/2015,Battle of Legends,LA-2015-05,Louisiana,,
competitions-view?id=872,05/23/2015,USAPL Boss of Norcal,CA-2015-02,California,,
competitions-view?id=900,05/23/2015,Ketchikan USA Powerlifting,AK-2015-05,Alaska,,
competitions-view?id=981,05/23/2015,Idaho Raw Classic,ID-2015-01,Idaho,,
competitions-view?id=851,05/20/2015,IPF Bench Worlds - Open SubJr Junior,,,,
competitions-view?id=905,05/16/2015,015 USAPL Pennsylvania State Bench Press and Deadlift,PA-2015-05,Pennsylvania,,
competitions-view?id=914,05/16/2015,USAPL Delaware Dungeon Invitational,OH-2015-03,Ohio,,
competitions-view?id=835,05/15/2015,USAPL Men's and Women's Nationals,NS-2015-02,Texas,,
competitions-view?id=837,05/09/2015,2015 USAPL Border Bash,AL-2015-02,Alabama,,
competitions-view?id=818,05/02/2015,Orange County Powerlifting Championships,NY-2015-02,New York,,
competitions-view?id=825,05/02/2015,31st Alaska Powerlifting Championship,AK-2015-02,Alaska,,
competitions-view?id=840,05/02/2015,TSI & Metaboloic Technologies Pro Deadlift,WA-2015-01,Washington,,
competitions-view?id=842,05/02/2015,Spring Power Challenge,WA-2015-01,Washington,,
competitions-view?id=1786,05/01/2015,Nasjonalt utstyrsfritt styrkeløft,Norway,,,
competitions-view?id=823,04/26/2015,1st Annual USAPL North Florida Open Powerlifting Championships,FL-2015-07,Florida,,
competitions-view?id=861,04/26/2015,2015 USAPL North Florida Open FL-2015-07,,Florida,,
competitions-view?id=811,04/25/2015,Arizona State Championships,AZ-2015-02,Arizona,,
competitions-view?id=814,04/25/2015,2015 MS No Frills Meet,MS-2015-02,Mississippi,,
competitions-view?id=822,04/25/2015,4th Annual Southeastern USA Regional High School Championships,FL-2015-07,Florida,,
competitions-view?id=838,04/25/2015,SBWC Raw Open Powerlifting Spring Classic 2015,NY-2015-04,New York,,
competitions-view?id=841,04/25/2015,2015 USAPL Texas State Championships,TX-2015-04,Texas,,
competitions-view?id=862,04/25/2015,SBWC Raw Open Powerlifting Spring Classic 2015,,New York,,
competitions-view?id=865,04/25/2015,2015 NE State Championship & Midwest Open,NE-2015-02,Nebraska,,
competitions-view?id=867,04/25/2015,2015 USAPL Texas State Championships,TX-2015-04,Texas,,
competitions-view?id=868,04/25/2015,2015 Illinois States and Great Rivers Open,IL-2015-01,Illinois,,
competitions-view?id=813,04/18/2015,USAPL Terrapin Invitational,MD-2015-07,Maryland,,
competitions-view?id=817,04/18/2015,PA State Championships,PA-2015-02,Pennsylvania,,
competitions-view?id=824,04/18/2015,18th Annual Battle of the Great Lakes,,Ohio,,
competitions-view?id=709,04/18/2015,2015 Pioneer Peak Power Fest,AK-2015-04,Alaska,,
competitions-view?id=832,04/16/2015,IPF Master Benchpress Worlds,,Colorado,,
competitions-view?id=805,04/11/2015,2015 Kenai PL Challenge,AK-2015-03,Alaska,,
competitions-view?id=807,04/11/2015,2015 CA State Championship,CA-2015-01,California,,
competitions-view?id=1612,04/11/2015,2015 Equinox Open,MD-2015-05,Maryland,,
competitions-view?id=827,04/10/2015,2015 USAPL Collegiate Nationals,NS-2015-01,Georgia,,
competitions-view?id=675,03/28/2015,2015 Southwest Regional Championships,NV-2015-01,Nevada,,
competitions-view?id=1081,03/27/2015,USA Powerlifting High School Nationals 2015,NS-2015-03,Nationals,,
competitions-view?id=792,03/22/2015,Cajun pride,LA-2015-03,Louisiana,,
competitions-view?id=793,03/21/2015,Battle on the Border IX,NC-2015-01,North Carolina,,
competitions-view?id=799,03/21/2015,1st Annual ABBRx Natural and Fit USAPL Raw Powerlifting Meet,MI -2015-01,Michigan,,
competitions-view?id=800,03/21/2015,USAPL EASTERN REGIONALS,MD-2015-01,Maryland,,
competitions-view?id=789,03/15/2015,5th Annual Ryan Moore N.E. Open High School Championships,MA-2015-01,Massachusetts,,
competitions-view?id=787,03/14/2015,Woodward Academy High School Open,IA-2015-02,Iowa,,
competitions-view?id=791,03/14/2015,SE States BP,NS-2015-04,Georgia,,
competitions-view?id=802,03/14/2015,WHSPA State Meet,WI-2015-02,Wisconsin,,
competitions-view?id=682,03/14/2015,2015 Florida State Championships,FL-2015-01,Florida,,
competitions-view?id=991,03/14/2015,2015 Military Nationals,NS-2015-04,Nationals,,
competitions-view?id=796,03/13/2015,2015 SD State Meet Bench,SD-2015-01,South Dakota,,
competitions-view?id=797,03/13/2015,2015 SD State Meet PL,SD-2015-01,South Dakota,,
competitions-view?id=798,03/13/2015,2 MAN QUALIFIER,NY-2015-05,New York,,
competitions-view?id=788,03/11/2015,Covington USAPL Qualifier,LA-2015-06,Louisiana,,
competitions-view?id=784,03/08/2015,2015 Texas Strength Classic,TX-2015-01,Texas,,
competitions-view?id=846,03/06/2015,2015 Arnold - Pro American,USAPL-2015-01,Nationals,,
competitions-view?id=847,03/06/2015,2015 Arnold - Pro Raw Challenge,USAPL-2015-01,Nationals,,
competitions-view?id=848,03/06/2015,2015 Arnold - Pro Raw Bench,USAPL-2015-01,Nationals,,
competitions-view?id=776,02/28/2015,USAPL Pirates Powerlifting Championship,WA-2015-02,Washington,,
competitions-view?id=777,02/28/2015,South Milwaukee High School USAPL Qualifier,WI-2015-04,Wisconsin,,
competitions-view?id=779,02/28/2015,Cowboy State Raw,WY-2015-01,Wyoming,,
competitions-view?id=780,02/28/2015,USAPL MI No Frills Meet,MI-2015-02,Michigan,,
competitions-view?id=781,02/28/2015,Central PA Invitational,PA-2015-03,Pennsylvania,,
competitions-view?id=782,02/28/2015,2015 USAPL Georgia Spring Open,GA-2015-01,Georgia,,
competitions-view?id=786,02/28/2015,VA Classic 2015,VA-2015-01,Virginia,,
competitions-view?id=801,02/28/2015,Winter Classic,MA-2015-04,Massachusetts,,
competitions-view?id=803,02/28/2015,Navy USAPL Meet,MD-2015-03,Maryland,,
competitions-view?id=771,02/21/2015,USAPL CONNECTICUT NATURALLY HARDCORE CLASSIC,CT-2015-01,Connecticut,,
competitions-view?id=772,02/21/2015,2015 Whitehall USAPL H.S. Meet,WI-2015-03,Wisconsin,,
competitions-view?id=773,02/21/2015,2015 Alabama State Powerlifting Championship,AL-2015-01,Alabama,,
competitions-view?id=778,02/21/2015,2015 South Dakota High School Qualifier,SD-2015-02,South Dakota,,
competitions-view?id=783,02/21/2015,2015 Washington State Championships,WA-2015-04,Washington,,
competitions-view?id=785,02/21/2015,Minnesota State Powerlifting Open,MN-2015-01,Minnesota,,
competitions-view?id=775,02/20/2015,2015 Glen Mills Schools Invitational,PA-2015-04,Pennsylvania,,
competitions-view?id=768,02/15/2015,RMLC Championships,CO-2015-03,Colorado,,
competitions-view?id=769,02/14/2015,USAPL NE Regional Collegiate Championships - Scranton,PA-2015-01,Pennsylvania,,
competitions-view?id=774,02/14/2015,USAPL Valentine's Day Lover's Quarrel,AZ-2015-01,Arizona,,
competitions-view?id=1090,02/14/2015,USA Powerlifting 2015 Youth Nationals,CO-2015-02,Nationals,,
competitions-view?id=767,02/14/2015,RMLC Raw Collegiate Invitational,CO-2015-01,Colorado,,
competitions-view?id=765,02/13/2015,La Tech USAPL Collegiate Qualifier,LA-2015-02,Louisiana,,
competitions-view?id=1785,02/07/2015,RM Østafjell,Norway,,,
competitions-view?id=763,02/07/2015,2nd Frostbite Classic,AK-2015-01,Alaska,,
competitions-view?id=764,02/07/2015,Team Phoinix Qualifyer 2015,WA-2015-07,Washington,,
competitions-view?id=761,01/25/2015,Northeast Iron Beast Winter Classic II,NY-2015-01,New York,,
competitions-view?id=770,01/24/2015,USAPL NE Capital City Clash,NE-2015-01,Nebraska,,
competitions-view?id=760,01/17/2015,USAPL Iowa Open,IA-2015-01,Iowa,,
competitions-view?id=762,01/17/2015,WI State Open '15,WI-2015-01,Wisconsin,,
competitions-view?id=759,01/10/2015,2015 LOUISIANA STATE POWERLIFTING CHAMPIONSHIP,LA-2015-01,Louisiana,,
competitions-view?id=747,12/13/2014,2014 Idaho State Open/High School Championships,ID-2014-02,Idaho,,
competitions-view?id=749,12/13/2014,South Carolina State Championships,SC-2014-01,South Carolina,,
competitions-view?id=750,12/13/2014,2014 Holiday Classic,TX-2014-08,Texas,,
competitions-view?id=752,12/12/2014,American Open,NS-2014-04,Massachusetts,,
competitions-view?id=368,12/06/2014,Rocky Mountain Pro Bench,CO-2014-06,Colorado,,
competitions-view?id=743,12/06/2014,2014 Colorado State Championships,CO-2014-06,Colorado,,
competitions-view?id=744,12/06/2014,Army-Navy Powerlifting Meet,MD-2014-05,Maryland,,
competitions-view?id=745,12/06/2014,Southside Winter Classic,AK-2014-08,Alaska,,
competitions-view?id=751,12/06/2014,Texas Regional Championships,TX-2014-06,Texas,,
competitions-view?id=755,12/06/2014,2014 Team Phoinix Holiday Classic,WA-2014-06,Washington,,
competitions-view?id=757,12/06/2014,Minnesota Senior State Open,MN-2014-04,Minnesota,,
competitions-view?id=758,12/06/2014,Wyoming State PL&BP Championships,WY-2014-01,Wyoming,,
competitions-view?id=739,11/22/2014,USAPL 2014 AZ Fall Championship,AZ-2014-01,Arizona,,
competitions-view?id=742,11/22/2014,2014 Stars and Stripes Squat- BP and DL Championships,PA-2014-07,Pennsylvania,,
competitions-view?id=746,11/22/2014,2014 Longhorn Open,TX-2014-07,Texas,,
competitions-view?id=754,11/22/2014,2014 New England Open PL Championships,MA-2014-08,Massachusetts,,
competitions-view?id=756,11/16/2014,2014 Florida Collegiate,FL-2014-04,Florida,,
competitions-view?id=737,11/15/2014,LOUISIANA COLLEGIATE REGIONALS,LA-2014-08,Louisiana,,
competitions-view?id=740,11/15/2014,Raw Collegiate Cup,MA-2014-07,Massachusetts,,
competitions-view?id=753,11/15/2014,2014 MO USAPL Rivers Edge,IL-2014-03,Illinois,,
competitions-view?id=733,11/08/2014,Big Sky Raw Powerlifting Championships,MT-2014-02,Montana,,
competitions-view?id=735,11/08/2014,USAPL 2014 Ohio State PL Championships,OH-2014-03,Ohio,,
competitions-view?id=738,11/08/2014,2014 CA Fall Classic,CA-2014-03,California,,
competitions-view?id=734,11/03/2014,IPF Open Worlds - Aurora - USA,,Colorado,,
competitions-view?id=729,11/01/2014,2014 FALL FESTIVAL OF POWER,NC-2014-03,North Carolina,,
competitions-view?id=730,11/01/2014,Michigan State PL & BP Championships,MI-2014-05,Michigan,,
competitions-view?id=731,11/01/2014,2014 Maryland State Powerlifting Championship,MD-2014-04,Maryland,,
competitions-view?id=736,11/01/2014,Hudson Natural Open,WI-2014-06,Wisconsin,,
competitions-view?id=727,10/26/2014,2014 Columbia City Classic,WA-2014-07,Washington,,
competitions-view?id=725,10/25/2014,Vermont Fall Open,VT-2014-01,Vermont,,
competitions-view?id=726,10/25/2014,USAPL Best  of the Midwest,IA-2014-02,Iowa,,
competitions-view?id=728,10/25/2014,2014 GA & Southern States BP & PL Championships,GA-2014-08,Georgia,,
competitions-view?id=723,10/18/2014,Mile High Push Pull,CO-2014-05,Colorado,,
competitions-view?id=724,10/18/2014,SBWC Raw Open Powerlifting Fall Classic 2014,NY-2014-06,New York,,
competitions-view?id=722,10/11/2014,2014 Alaska Fitness Expo,AK-2014-06,Alaska,,
competitions-view?id=741,10/11/2014,Penn State Iron Lion Meet,PA-2014-09,Pennsylvania,,
competitions-view?id=648,09/27/2014,2014 Top of the World -,AK-2014-07,Alaska,,
competitions-view?id=721,09/27/2014,Kalamazoo Klassic II,MI-2014-04,Michigan,,
competitions-view?id=436,09/21/2014,South Florida Open,NS-2014-10,Florida,,
competitions-view?id=718,09/21/2014,South Florida Open,NS-2014-10,Florida,,
competitions-view?id=732,09/21/2014,2014 IPF World Masters - Pilsen/ Czech Republic,,,,
competitions-view?id=988,09/21/2014,2014 USAPL Push-Pull & Deadlift Nationals,NS-2014-10,Nationals,,
competitions-view?id=434,09/20/2014,IRON WARS,TX-2014-04,Texas,,
competitions-view?id=720,09/20/2014,2014 Top of the World Powerlifting Classic,AK-2014-07,Alaska,,
competitions-view?id=430,09/13/2014,New York State Championships 2014,NY-2014-04,New York,,
competitions-view?id=432,09/13/2014,Great Lakes Pro Deadlift,USAPL-2014-02,Pennsylvania,,
competitions-view?id=7,08/23/2014,2014 Alaska State Fair,AK-2014-03,Alaska,,
competitions-view?id=16,08/23/2014,2014 USAPL Bench Nationals,NS-2014-01,Texas,,
competitions-view?id=423,08/23/2014,USAPL Summer End 2014,WA-2014-05,Washington,,
competitions-view?id=424,08/23/2014,2014 Alaska State Fair,AK-2014-03,Alaska,,
competitions-view?id=427,08/23/2014,2014 USAPL Summer BP & PL Championships,PA-2014-06,Pennsylvania,,
competitions-view?id=18,08/16/2014,NE USAPL Patriot Open,NE-2014-03,Nebraska,,
competitions-view?id=422,08/16/2014,Newport Open,RI-2014-01,Rhode Island,,
competitions-view?id=425,08/16/2014,Bull Stewart Battle on the Beach - Alki Classic,WA-2014-04,Washington,,
competitions-view?id=431,08/16/2014,Twin Cities Open,MN-2014-03,Minnesota,,
competitions-view?id=420,08/09/2014,Powerlifting for Pups,GA-2014-04,Georgia,,
competitions-view?id=421,08/03/2014,2014 USAPL SSPT INVITATIONAL POWERLIFTING CHAMPIONSHIPS,MD-2014-03,Maryland,,
competitions-view?id=418,08/02/2014,Iron Works Open X,MI-2014-03,Michigan,,
competitions-view?id=419,08/02/2014,2014 New Jersey State Championships,NJ-2014-02,New Jersey,,
competitions-view?id=719,08/02/2014,Omro Summer Classic,WI-2014-05,Wisconsin,,
competitions-view?id=428,07/26/2014,2014 USAPL Rocky Mountain State Games,CO-2014-04,Colorado,,
competitions-view?id=860,07/17/2014,2014 Raw Nationals,NS-2014-09,Colorado,,
competitions-view?id=414,07/12/2014,LOUISIANA SUMMER CLASSIC,LA-2014-04,Louisiana,,
competitions-view?id=416,07/12/2014,2014 California State Games,CA-2014-01,California,,
competitions-view?id=417,07/12/2014,2014 USAPL Summer Power Fest,TX-2014-03,Texas,,
competitions-view?id=412,06/28/2014,Powerlifting for Pink,GA-2014-07,Georgia,,
competitions-view?id=411,06/20/2014,32nd Annual USAPL Men's National Powerlifting Championships,NS-2014-05,Pennsylvania,,
competitions-view?id=12,06/14/2014,2014 USAPL Seattle Summer Classic,WA-2014-03,Washington,,
competitions-view?id=408,06/14/2014,Badger Open 2014,WI-2014-04,Wisconsin,,
competitions-view?id=409,06/14/2014,2014 Colosseum Push-Pull,MD-2014-02,Maryland,,
competitions-view?id=410,06/14/2014,USA Powerlifting North Carolina State Championships,NC-2014-02,North Carolina,,
competitions-view?id=413,06/14/2014,2014 USAPL Central Florida Open Powerlifting Championships,FL-2014-03,Florida,,
competitions-view?id=433,06/14/2014,BIG K's 13th ANNUAL POWERLIFTING CHAMPIONSHIPS,OH-2014-02,Ohio,,
competitions-view?id=405,06/01/2014,IPF Raw Worlds 2014 - Potchefstroom- South Africa,,,,
competitions-view?id=402,05/31/2014,2014 USAPL KANSAS HEAVY METAL,KS-2014-01,Kansas,,
competitions-view?id=400,05/24/2014,2014 Annual Idaho Spring Classic Raw Powerlifting Championships,ID-2014-01,Idaho,,
competitions-view?id=403,05/24/2014,2014 USAPL Boynton Barbell Center Raw Open Championships,FL-2014-02,Florida,,
competitions-view?id=406,05/20/2014,IPF 2014 World BP - SubJr Jr O Masters   -  Rodby Denmark,,,,
competitions-view?id=339,05/17/2014,2014 Pennsylvania State Powerlifting Championships,PA-2014-01,Pennsylvania,,
competitions-view?id=395,05/17/2014,Ketchikan Spring Powerlifting Meet,AK-2014-04,Alaska,,
competitions-view?id=397,05/17/2014,2014 TWIN PORTS RAW OPEN,MN-2014-02,Minnesota,,
competitions-view?id=398,05/17/2014,Illinois State/ Great Rivers Open,IL-2014-02,Illinois,,
competitions-view?id=404,05/17/2014,2014 PA State Single Lift Championships,PA-2014-01,Pennsylvania,,
competitions-view?id=396,05/16/2014,2014 Womens Nationals,NS-2014-06,Louisiana,,
competitions-view?id=392,05/10/2014,2014 Hoosier Open,IN-2014-01,Indiana,,
competitions-view?id=393,05/10/2014,5th Annual Ironman Push/Pull Meet,MI-2014-02,Michigan,,
competitions-view?id=394,05/10/2014,USAPL Border Bash & Southeastern High School State Wars,GA-2014-03,Georgia,,
competitions-view?id=389,05/04/2014,1st Annual USAPL Connecticut Spring Classic,CT-2014-01,Connecticut,,
competitions-view?id=748,05/03/2014,2014 USAPL Mississippi State Championship,MS-2014-02,Mississippi,,
competitions-view?id=391,05/02/2014,2014 USAPL Masters Nationals,NS-2014-07,Texas,,
competitions-view?id=385,04/26/2014,Alaska State Championship,AK-2014-02,Alaska,,
competitions-view?id=386,04/26/2014,2014 PATRIOT QUALIFIER,LA-2014-07,Louisiana,,
competitions-view?id=388,04/26/2014,2014 USAPL Texas State Championships,TX-2014-05,Texas,,
competitions-view?id=380,04/17/2014,IPF World Master Bench - Northumberland- Great Britain,,,,
competitions-view?id=381,04/12/2014,2014 Equinox Open,MD-2014-01,Maryland,,
competitions-view?id=387,04/12/2014,THE BATTLE OF THE GREAT LAKES XVII,OH-2014-01,Ohio,,
competitions-view?id=344,04/11/2014,2014 USAPL Collegiate Nationals,NS-2014-03,Florida,,
competitions-view?id=377,04/05/2014,USAPL Georgia Spring Open,GA-2014-02,Georgia,,
competitions-view?id=335,03/28/2014,2014 HS Nationals-JV,NS-2014-02,Texas,,
competitions-view?id=336,03/28/2014,2014 HS Nationals-varsity,NS-2014-02,Texas,,
competitions-view?id=358,03/22/2014,CAJUN PRIDE,LA-2014-06,Louisiana,,
competitions-view?id=384,03/22/2014,USAPL Battle on the Border VIII,NC-2014-01,North Carolina,,
competitions-view?id=349,03/15/2014,32nd Annual USAPL Florida State Powerlifting Championships,FL-2014-01,Florida,,
competitions-view?id=371,03/15/2014,The Brother Bennett Memorial Powerlifting Meet,MS-2014-01,Mississippi,,
competitions-view?id=374,03/15/2014,USAPL Alabama State Powerlifting Championship,AL-2014-01,Alabama,,
competitions-view?id=340,03/14/2014,2014 South Dakota State Bench Press & Powerlifting Championships,SD-2014-01,South Dakota,,
competitions-view?id=382,03/14/2014,2014 USAPL Military National Powerlifting Championships,NS-2014-08,Texas,,
competitions-view?id=337,03/09/2014,2014 Last Chance Qualifier,CO-2014-02,Colorado,,
competitions-view?id=350,03/09/2014,4th Annual Ryan Moore New England High School Championships,MA-2014-06,Massachusetts,,
competitions-view?id=361,03/09/2014,Gulf Coast Championships,TX-2014-01,Texas,,
competitions-view?id=347,03/08/2014,2014 Wisconsin High School State Championships,WI-2014-02,Wisconsin,,
competitions-view?id=348,03/08/2014,2014 WOODWARD ACADEMY INVITATIONAL,IA-2014-01,Iowa,,
competitions-view?id=359,03/08/2014,Covington Qualifier,LA-2014-05,Louisiana,,
competitions-view?id=372,03/08/2014,The Guerilla Fitness Raw Nationals Qualifier,NJ-2014-01,New Jersey,,
competitions-view?id=376,03/08/2014,USAPL Georgia High School State Championships,GA-2014-05,Georgia,,
competitions-view?id=352,02/28/2014,Arnold,USAPL-2014-01,Ohio,,
competitions-view?id=353,02/28/2014,Arnold - GNC Pro Deadlift,USAPL-2014-01,Ohio,,
competitions-view?id=354,02/28/2014,Arnold - Ohio Invitational Ironman,USAPL-2014-01,Ohio,,
competitions-view?id=355,02/28/2014,Arnold - Titan Pro Bench,USAPL-2014-01,Ohio,,
competitions-view?id=356,02/28/2014,Arnold 2014-Pro Equipped,USAPL-2014-01,Ohio,,
competitions-view?id=357,02/28/2014,Arnold 2014-Raw Challenge,USAPL-2014-01,Ohio,,
competitions-view?id=369,02/28/2014,Arnold - SSP  Nutrition Pro Raw Benchpress -,USAPL-2014-01,Ohio,,
competitions-view?id=342,02/22/2014,2014 USAPL Aggie Showdown,TX-2014-02,Texas,,
competitions-view?id=346,02/22/2014,2014 Whitehall USAPL High School Meet,WI-2014-03,Wisconsin,,
competitions-view?id=351,02/22/2014,Albany Strength USAPL POWERLIFTING CHAMPIONSHIP,NY-2014-02,New York,,
competitions-view?id=373,02/22/2014,USA Powerlifting Frostbite Classic,AK-2014-01,Alaska,,
competitions-view?id=378,02/22/2014,Winter Classic,MA-2014-05,Massachusetts,,
competitions-view?id=383,02/22/2014,2014 Washington State Championships,WA-2014-02,Washington,,
competitions-view?id=362,02/21/2014,LaTech Collegiate Qualifer,LA-2014-02,Louisiana,,
competitions-view?id=334,02/15/2014,2014 South Dakota High School Qualifier,SD-2014-02,South Dakota,,
competitions-view?id=343,02/15/2014,2014 USAPL California State Championships,CA-2014-02,California,,
competitions-view?id=366,02/15/2014,Northeast Collegiate Conference Championship,PA-2014-04,Pennsylvania,,
competitions-view?id=360,02/08/2014,Elite Sports & Fitness High School PL Open,MA-2014-04,Massachusetts,,
competitions-view?id=364,02/07/2014,Lutcher High School Nationals Qualifier,LA-2014-03,Louisiana,,
competitions-view?id=338,02/01/2014,2014 MN State Meet & Midwest Open Championships,MN-2014-01,Minnesota,,
competitions-view?id=345,02/01/2014,2014 USAPL RMLC Championships,CO-2014-01,Colorado,,
competitions-view?id=341,01/26/2014,2014 USA Powerlifting Winter Open / NE Regional / Raw Collegiate PL/BP/DL Championships -,PA-2014-02,Pennsylvania,,
competitions-view?id=375,01/25/2014,USAPL GA Winter Classic & Single Ply Invitational,GA-2014-01,Georgia,,
competitions-view?id=401,01/25/2014,2014 NE USAPL Capital City Clash,NE-2014-01,Nebraska,,
competitions-view?id=370,01/20/2014,St. John's Classic,MA-2014-01,Massachusetts,,
competitions-view?id=367,01/19/2014,Northeast Iron Beast Winter Classic,NY-2014-01,New York,,
competitions-view?id=363,01/18/2014,LOUISIANA STATE POWERLIFTING CHAMPIONSHIP,LA-2014-01,Louisiana,,
competitions-view?id=379,01/18/2014,Wisconsin State Open,WI-2014-01,Wisconsin,,
competitions-view?id=365,01/11/2014,New England Open,MA-2014-03,Massachusetts,,
competitions-view?id=541,12/14/2013,2013 USAPL Sunshine Games Powerlifting Championships,13-12-01,Florida,,
competitions-view?id=530,12/07/2013,2013 USAPL Southside Winter Classic,AK-2013-03,Alaska,,
competitions-view?id=532,12/07/2013,2013 American Open,,,,
competitions-view?id=535,12/07/2013,2013 Colorado State Championships -,CO-2013-03,Colorado,,
competitions-view?id=536,12/07/2013,USAPL Border Bash,GA-2013-06,Georgia,,
competitions-view?id=543,12/07/2013,2013 Texas Regional Championships,TX-2013-01,Texas,,
competitions-view?id=529,11/17/2013,First Annual Raw Collegiate Cup,MA-2013-05,Massachusetts,,
competitions-view?id=526,11/09/2013,2013 USAPL Ohio State Meet,OH-2013-02,Ohio,,
competitions-view?id=527,11/09/2013,2013 USAPL Georgia & Southern States,GA-2013-04,,,
competitions-view?id=495,11/06/2013,IPF Classic World Men's Championships- Russia/ Suzdal,,,,
competitions-view?id=484,11/05/2013,USAPL Push/Pull Spring Power Challenge,,,,
competitions-view?id=455,11/02/2013,2013 USAPL So Cal Regional Championships,CA-2013-02,,,
competitions-view?id=519,10/26/2013,2013 Mile High Push Pull,CO-2013-02,Colorado,,
competitions-view?id=520,10/26/2013,Alaska Fitness Expo - GNC Alaska Bench Press Invitational,AK-2013-04,,,
competitions-view?id=521,10/26/2013,Alaska Fitness Expo - GNC Alaska Deadlift Invitational,AK-2013-04,Alaska,,
competitions-view?id=518,10/12/2013,Indiana Powerfest,IN-2013-01,,,
competitions-view?id=508,10/08/2013,North Texas Showdown,,,,
competitions-view?id=545,09/28/2013,5th Annual Iron Wars,TX-2013-02,,,
competitions-view?id=515,09/14/2013,Top of the World Powerlifting Challenge,AK-2013-02,Alaska,,
competitions-view?id=542,09/11/2013,Rivers Edge PL/BP,,,,
competitions-view?id=510,08/10/2013,Powerlifting for Pups,GA-2013-03,Georgia,,
competitions-view?id=503,07/27/2013,2013 Rocky Mountain State Games,CO-2013-01,Colorado,,
competitions-view?id=500,07/19/2013,2013 Raw Nationals,NS-2013-03,Nationals,,
competitions-view?id=499,07/13/2013,2013 CA State Games,CA-2013-01,California,,
competitions-view?id=539,07/12/2013,Sioux Empire Bench Open,,,,
competitions-view?id=502,07/08/2013,2013 USAPL Central Florida Open Powerlifting Championships,FL-2013-03,Florida,,
competitions-view?id=497,06/29/2013,2013 USAPL KANSAS HEAVY METAL OPEN,13-06-002,,,
competitions-view?id=509,06/02/2013,New Jersey State High School- Benchpress & PL Championships,13-06-01,,,
competitions-view?id=489,05/18/2013,USAPL 2013 Women's National Championships -,NS-2013-01,Nationals,,
competitions-view?id=485,05/11/2013,Twin Ports Raw Open,13-05-02,,,
competitions-view?id=482,05/03/2013,Men's Masters Nationals,13-05-01,Nationals,,
competitions-view?id=479,04/27/2013,S.E HS State Wars,AL-2013-01,Alabama,,
competitions-view?id=481,04/27/2013,2013 USAPL SSPT INVITATIONAL POWERLIFTING CHAMPIONSHIPS,13-04-07,,,
competitions-view?id=473,04/20/2013,2013 USAPL Alaska State Championships,AK-2013-01,Alaska,,
competitions-view?id=477,04/20/2013,Powerlifting for Pink,GA-2013-02,Georgia,,
competitions-view?id=470,04/13/2013,Rage in the Cage 2013,13-04-06,,,
competitions-view?id=476,04/13/2013,2013 Battle of the Great Lakes,13-04-03,,,
competitions-view?id=469,04/12/2013,Collegiate Nationals,,,,
competitions-view?id=506,04/08/2013,3rd Annual Boston Open,,,,
competitions-view?id=471,04/06/2013,2013 GA Spring Open -,GA-2013-01,Georgia,,
competitions-view?id=472,04/06/2013,Richmond Open 4/14/13,13-04-01,,,
competitions-view?id=463,04/05/2013,2013 High School Nationals - JV,13-04-04,Nationals,,
competitions-view?id=464,04/05/2013,2013 High School Nationals - Varsity,13-04-04,Nationals,,
competitions-view?id=465,04/05/2013,2013 High School Nationals - JV,13-04-04,Nationals,,
competitions-view?id=466,04/05/2013,2013 High School Nationals - Varsity,13-04-04,Nationals,,
competitions-view?id=467,03/24/2013,Cajun Pride,13-03-10,,,
competitions-view?id=461,03/23/2013,2013 Battle on the Border VI,13-03-14,,,
competitions-view?id=462,03/23/2013,2013 USAPL PA State Powerlifting Championship,PA-2013-01,,,
competitions-view?id=452,03/10/2013,3rd Annual Ryan Moore NE Open High School PL Championship,13-03-04,,,
competitions-view?id=457,03/10/2013,Gulf Coast Championships,13-03-09,,,
competitions-view?id=454,03/09/2013,Military Nationals,,Nationals,,
competitions-view?id=458,03/09/2013,USAPL Georgia High School State Championships,13-03-05,Georgia,,
competitions-view?id=505,03/08/2013,2013 USAPL Oklahoma State Championships,,,,
competitions-view?id=453,03/02/2013,WHSPA Girls State Meet,13-03-01,,,
competitions-view?id=444,03/01/2013,Arnold Raw Challenge,,,,
competitions-view?id=445,03/01/2013,Arnold NAPF Equipped,,,,
competitions-view?id=446,03/01/2013,Arnold - Titan Pro Bench,,,,
competitions-view?id=447,03/01/2013,Arnold - Ohio Ironman,,,,
competitions-view?id=448,03/01/2013,Arnold - GNC Pro Deadlift,,,,
competitions-view?id=475,02/23/2013,31st Annual USAPL Florida State Powerlifting Championships,13-02-10,Florida,,
competitions-view?id=540,02/16/2013,2013 California State Powerlifting Championship,13-02-03,California,,
competitions-view?id=449,02/16/2013,"USAPL ""No Frills"" Meet",13-02-04,,,
competitions-view?id=492,02/06/2013,2013 Massachusetts Open - 6/2/13,,,,
competitions-view?id=544,01/03/2013,Army Black and Gold Meet,,,,
competitions-view?id=512,01/01/2013,2013 IPF World Games,,,,
competitions-view?id=513,01/01/2013,2013 IPF Junior & Subjunior Worlds,,,,
competitions-view?id=514,01/01/2013,USA Powerlifting Push-Pull and Deadlift National Championships,,,,
competitions-view?id=516,01/01/2013,22.00,,,,
competitions-view?id=517,01/01/2013,IPF Masters World Championship,,,,
competitions-view?id=522,01/01/2013,Southside Strength & Fitness Raw Bench Press Challenge,,,,
competitions-view?id=523,01/01/2013,Central Maryland Push-Pull Ch.,,,,
competitions-view?id=524,01/01/2013,USAPL Baton Rouge Legends 2013,,,,
competitions-view?id=525,01/01/2013,2013 USAPL So Cal Regional Championships,,,,
competitions-view?id=528,01/01/2013,Stars & Stripes BP & DL,,,,
competitions-view?id=531,01/01/2013,2013 USAPL KANSAS STATE OPEN - RESULTS,,,,
competitions-view?id=533,01/01/2013,Team Phoenix PL Bash,,,,
competitions-view?id=534,01/01/2013,2013 USAPL Southeastern USA Regional Championships,,,,
competitions-view?id=537,01/01/2013,2013 USAPL Southern Raw Championships,,,,
competitions-view?id=538,01/01/2013,Longhorn Open Powerlifting Championships,,,,
competitions-view?id=546,01/01/2013,2013 VA State Champs,,,,
competitions-view?id=547,01/01/2013,2013 Pan Am Games,,,,
competitions-view?id=657,01/01/2013,JV-GIRLS,,,,
competitions-view?id=437,01/01/2013,2013 Pan Am Games,,,,
competitions-view?id=438,01/01/2013,Capital City Clash Championships,,,,
competitions-view?id=439,01/01/2013,2013 Iowa Powerlifting State Meet,,,,
competitions-view?id=440,01/01/2013,USAPL-CL-HS-NE Regional Winter Open,,,,
competitions-view?id=441,01/01/2013,MN STATE - 9 Feb,,,,
competitions-view?id=442,01/01/2013,Army Navy Open,,,,
competitions-view?id=443,01/01/2013,La Tech USAPL Powerlifting Meet - 8 Feb,,,,
competitions-view?id=450,01/01/2013,WHSPA Boys St Mt,,,,
competitions-view?id=451,01/01/2013,2013 Winter Classic,,,,
competitions-view?id=456,01/01/2013,Aggie Showdown - 2/23/13,,,,
competitions-view?id=459,01/01/2013,2013 USAPL Aggie Gym Meet,,,,
competitions-view?id=460,01/01/2013,2013 MO ST/OZARK - 3/23/2013,,,,
competitions-view?id=468,01/01/2013,2013 WA State Powerlifting Championships - 2/23&24/13,,,,
competitions-view?id=474,01/01/2013,2013 USAPL Texas State Championships - 20 Apr,,,,
competitions-view?id=478,01/01/2013,Nebraska State Championship-4/27/13,,,,
competitions-view?id=480,01/01/2013,Equinox Open - 4/20/13,,,,
competitions-view?id=483,01/01/2013,13.00,,,,
competitions-view?id=486,01/01/2013,BROTHER BENNETT MEMORIAL  - 2/23/2011,,,,
competitions-view?id=487,01/01/2013,2013 Authentic Strength BBQ - 4/27/13,,,,
competitions-view?id=488,01/01/2013,PA Single Lift State BP/DL Championships - 5/18/13,,,,
competitions-view?id=490,01/01/2013,IDAHO SPRING CLASSIC RAW POWERLIFTING CHAMPIONSHIPS-5/25/13,,,,
competitions-view?id=491,01/01/2013,OK Athletic Republic Open - 6/12/13,,,,
competitions-view?id=493,01/01/2013,4th Annual Push/Pull Meet - 5/25/13,,,,
competitions-view?id=494,01/01/2013,2013 Mens Teen & Jr Nationals - 6/21/13,,,,
competitions-view?id=496,01/01/2013,,,,,
competitions-view?id=498,01/01/2013,2013 USAPL Summer Power Fest - 7/13/2013,,,,
competitions-view?id=501,01/01/2013,USAPL N.C. State Champs - 6/8/13,,,,
competitions-view?id=504,01/01/2013,MS State & Regional VI Championships - 7/23/13,,,,
competitions-view?id=507,01/01/2013,Pro Summer Slam Bench Press,,,,
competitions-view?id=511,01/01/2013,2013 USAPL Bench Press Nationals,,,,
competitions-view?id=623,12/15/2012,SOUTHSIDE CLASSIC,12-12-2,,,
competitions-view?id=553,12/01/2012,2012 American Open,,,,
competitions-view?id=561,11/19/2012,2012 Stars and Stripes Championships,,Pennsylvania,,
competitions-view?id=572,11/10/2012,2012 USAPL Southside Fall Classic,11-12-1,,,
competitions-view?id=600,11/05/2012,IPF Mens Worlds,,,,
competitions-view?id=640,11/05/2012,IPF WOMENS WORLDS,,,,
competitions-view?id=614,11/03/2012,Ohio Powerlifting/ Bench Press/ Ironman Push Pull State Championships,11-12-12,,,
competitions-view?id=636,10/27/2012,USAPL West Cary Barbell Fall Festival of Power,10-12-6,,,
competitions-view?id=556,10/20/2012,2012 COLUMBIA CITY,10-12-5,,,
competitions-view?id=557,10/06/2012,2012 Georgia & Southern States,10-12-3,,,
competitions-view?id=548,09/22/2012,USAPL Power Surge,9-12-3,,,
competitions-view?id=630,09/22/2012,USAPL IRON WARS,9-12-4,,,
competitions-view?id=647,09/22/2012,USAPL Power Surge - 9/22/2012,,,,
competitions-view?id=586,09/15/2012,Boston Open 2012,9-12-5,,,
competitions-view?id=628,08/25/2012,USAPL Bench Nationals 2012,,Nationals,,
competitions-view?id=552,08/18/2012,2012 Alki Beach Classic,,,,
competitions-view?id=625,08/18/2012,TWIN CITY OPEN,8-12-6,,,
competitions-view?id=616,08/03/2012,RAW NATIONALS,,,,
competitions-view?id=607,08/01/2012,NAPF,NAPF,,,
competitions-view?id=605,07/28/2012,Mississippi State Meet,7-12-4,,,
competitions-view?id=619,07/28/2012,Rocky Mountain State Games,7-12-4,,,
competitions-view?id=634,07/14/2012,USAPL Summer Power Fest 2012,7-12-5,,,
competitions-view?id=629,07/08/2012,USAPL Central FL Open PL CH,7-12-6,,,
competitions-view?id=565,07/07/2012,2012 Georgia Games,,,,
competitions-view?id=620,06/23/2012,Seattle Summer Classic,6-12-11,,,
competitions-view?id=598,06/22/2012,Mens Nationals,,,,
competitions-view?id=599,06/22/2012,Mens Nationals,,,,
competitions-view?id=573,05/19/2012,2012 USAPL Womens Nationals,,Nationals,,
competitions-view?id=626,05/12/2012,TWIN PORTS,5-12-4,,,
competitions-view?id=597,05/04/2012,2012 Master Nationals,5-12-3,,,
competitions-view?id=550,04/20/2012,12th World Masters Men's Bench Press Championships. USA. Aurora. CO. 20-22.04.2012,,,,
competitions-view?id=551,04/20/2012,12th World Masters Women's Bench Press Championships. USA. Aurora. CO. 20-22.04.2012,,,,
competitions-view?id=564,03/31/2012,2012 Equinox Raw Open,,,,
competitions-view?id=624,03/31/2012,THE BATTLE OF THE GREAT LAKES XV,3-12-17,,,
competitions-view?id=580,03/02/2012,Arnold Equipped,,,,
competitions-view?id=581,03/02/2012,Arnold Pro Bench,,,,
competitions-view?id=582,03/02/2012,Arnold Pro Deadlift,,,,
competitions-view?id=583,03/02/2012,Arnold Raw Challenge,,,,
competitions-view?id=588,02/12/2012,CA State 12 Feb 2013,,,,
competitions-view?id=568,01/14/2012,2012 USAPL Louisiana State Meet,1-12-3,,,
competitions-view?id=549,01/01/2012,0,,,,
competitions-view?id=554,01/01/2012,2012 Battle on the Border VI,,,,
competitions-view?id=555,01/01/2012,2012 Can-Am Police and Fire Open,,,,
competitions-view?id=558,01/01/2012,2012 Hudson Natural Open,,,,
competitions-view?id=559,01/01/2012,2012 Maryland State Powerlifting Championship,,,,
competitions-view?id=560,01/01/2012,2012 Southeastern High School State Wars,,,,
competitions-view?id=562,01/01/2012,2012 USAPL Aggie Showdown,,,,
competitions-view?id=563,01/01/2012,2012 USAPL Alaska State Powerlifting Championships,,,,
competitions-view?id=566,01/01/2012,2012 USAPL Georgia High School State Championships,,,,
competitions-view?id=567,01/01/2012,2012 USAPL Lone Star Raw Challenge,,,,
competitions-view?id=569,01/01/2012,2012 USAPL Militay National Powerlifting/Bench Press Championships,,,,
competitions-view?id=570,01/01/2012,2012 USAPL PA Single Lift State Championships,,,,
competitions-view?id=571,01/01/2012,2012 USAPL Southeastern USA Regional Powerlifting Championships,,,,
competitions-view?id=574,01/01/2012,2012 USAPLNC STATES,,,,
competitions-view?id=575,01/01/2012,29th Annual USAPL New Jersey State Open Powerlifting Championships,,,,
competitions-view?id=576,01/01/2012,29th USAPL New Jersey State Open Powerlifting Championships,,,,
competitions-view?id=577,01/01/2012,30th Annual USAPL Florida State Open Powerlifting Championships,,,,
competitions-view?id=578,01/01/2012,38th Annual MO State/Ozark,,,,
competitions-view?id=579,01/01/2012,9th Annual USAPL Florida Collegiate Championships,,,,
competitions-view?id=584,01/01/2012,BATTLE OF THE GREAT LAKES,,,,
competitions-view?id=585,01/01/2012,Big K 10th Annual PL Ch,,,,
competitions-view?id=587,01/01/2012,Brother Bennett Memorial,,,,
competitions-view?id=589,01/01/2012,Collegiate Nationals,,,,
competitions-view?id=590,01/01/2012,Fife Holiday Classic,,,,
competitions-view?id=591,01/01/2012,High_School_Nationals 3-23-2012,,,,
competitions-view?id=592,01/01/2012,HOLIDAY CLASSIC,,,,
competitions-view?id=593,01/01/2012,IL State/ Great Rivers,,,,
competitions-view?id=594,01/01/2012,LONGHORN OPEN,,,,
competitions-view?id=595,01/01/2012,MA SP OLYMPICS,,,,
competitions-view?id=596,01/01/2012,MA St Championship,,,,
competitions-view?id=601,01/01/2012,MI Ironman,,,,
competitions-view?id=602,01/01/2012,MI St PL & BP,,,,
competitions-view?id=603,01/01/2012,MI STATE,,,,
competitions-view?id=604,01/01/2012,Mid America DL,,,,
competitions-view?id=606,01/01/2012,MN State,,,,
competitions-view?id=608,01/01/2012,NC SC Border War,,,,
competitions-view?id=609,01/01/2012,NE Open HS,,,,
competitions-view?id=610,01/01/2012,NE Regionals,,,,
competitions-view?id=611,01/01/2012,New England Open,,,,
competitions-view?id=612,01/01/2012,New England Open BP,,,,
competitions-view?id=613,01/01/2012,OH STATE,,,,
competitions-view?id=615,01/01/2012,OK STATE,,,,
competitions-view?id=617,01/01/2012,Rivers Edge,,,,
competitions-view?id=618,01/01/2012,RMLC St Ch,,,,
competitions-view?id=621,01/01/2012,SOUIX EMPIRE BP,,,,
competitions-view?id=622,01/01/2012,South Florida Open Powerlifting Championships,,,,
competitions-view?id=627,01/01/2012,USA Powerlifting Fast Gym Winter Classic Lifting Results,,,,
competitions-view?id=632,01/01/2012,USAPL Pennsylvania State PL Championships,,,,
competitions-view?id=633,01/01/2012,USAPL Summer Power Fest 2011,,,,
competitions-view?id=635,01/01/2012,USAPL TX ST CH,,,,
competitions-view?id=637,01/01/2012,Washington State Championships 2012,,,,
competitions-view?id=638,01/01/2012,WHSPA,,,,
competitions-view?id=639,01/01/2012,WMN WORLD CLASSIC CUP,,,,
competitions-view?id=641,01/01/2012,WORD JR & SUB JR,,,,
competitions-view?id=642,01/01/2012,WORLD JR & SJR,,,,
competitions-view?id=643,01/01/2012,World Masters,,,,
competitions-view?id=644,01/01/2012,WORLD MEN BP,,,,
competitions-view?id=645,01/01/2012,World Raw Cup,,,,
competitions-view?id=646,01/01/2012,7th USAPL Northeastern USA Regional Powerlifting Championships,,,,
competitions-view?id=659,04/14/1900,V-GIRLS,,,,
competitions-view?id=660,04/12/1900,V-BOYS,,,,
competitions-view?id=658,03/15/1900,JV-BOYS,,,,
