Name,Weightclass,Link,Placing,Name,YOB,Team,State,Weight,Squat1,Squat2,Squat3,Bench press1,Bench press2,Bench press3,Deadlift1,Deadlift2,Deadlift3,Total,Points,Drug tested
Ashley Will,-52,lifters-view?id=2047,1.,Ashley Will,1994,,,51.80,102.5,-107.5,-107.5,42.5,45,47.5,105,110,-112.5,260,325.10,
Shelby Sweat,-52,lifters-view?id=6121,5.,Shelby Sweat,1991,,,50.30,67.5,80,-85,40,-45,-45,95,102.5,110,230,294.12,
Laura McGuill,-57,lifters-view?id=22585,3.,Laura McGuill,1991,,,56.30,112.5,120,125,52.5,57.5,62.5,140,150,-155,337.5,395.45,
Elaine Wang,-57,lifters-view?id=4904,2.,Elaine Wang,1991,,,56.90,100,110,-117.5,55,60,-65,-120,120,132.5,302.5,351.51,
Carol Champion,-57,lifters-view?id=3206,3.,Carol Champion,1993,,,56.00,-67.5,70,77.5,50,-55,-55,100,110,117.5,245,288.27,
Alice Zheng,-63,lifters-view?id=2051,1.,Alice Zheng,1992,,,62.70,125,130,-135.5,-62.5,62.5,70,142.5,150,-170,350,377.27,
Erin Stevenson,-63,lifters-view?id=10200,2.,Erin Stevenson,1993,,,61.70,120,127.5,-132.5,75,-82.5,-82.5,125,137.5,145,347.5,379.16,
Leanna Carr,-63,lifters-view?id=8379,4.,Leanna Carr,1991,,,62.50,127.5,135,-140,60,62.5,-65,137.5,150,-160,347.5,375.47,
Ewa Januszkiewicz,-63,lifters-view?id=4748,8.,Ewa Januszkiewicz,1991,,,61.20,97.5,107.5,115,55,60,62.5,142.5,152.5,162.5,340,373.32,
Chelsea Karabin,-63,lifters-view?id=2058,14.,Chelsea Karabin,1993,,,62.20,-95,97.5,-102.5,62.5,65,-70,112.5,122.5,-125,285,309.05,
Mikelina Belaineh,-72,lifters-view?id=26782,2.,Mikelina Belaineh,1991,SSPT,,70.30,140,150,155,80,82.5,85,175,187.5,-192.5,427.5,424.04,
Tiffany Wohlers,-72,lifters-view?id=2059,3.,Tiffany Wohlers,,,,72.00,137.5,142.5,150,80,85,-90,-175,175,185,420,409.92,
Chelsea Savit,-72,lifters-view?id=4168,4.,Chelsea Savit,1991,,,70.40,135,148,152.5,85,92.5,95,155,170,-182.5,417.5,413.74,
Haley Kavelak,-72,lifters-view?id=2038,8.,Haley Kavelak,1990,,,68.60,117.5,132.5,142.5,70,77.5,-82.5,152.5,170,,390,393.51,
Hannah Ghindea,-72,lifters-view?id=5223,21.,Hannah Ghindea,1992,,,68.30,100,107.5,-115,57.5,62.5,65,137.5,150,157.5,330,333.99,
Alex Ballard,-72,lifters-view?id=5457,6.,Alex Ballard,1990,,,68.50,125,-130,130,50,55,60,140,-150,-150,330,333.30,
Lauren Shortell,-72,lifters-view?id=4749,25.,Lauren Shortell,1991,,,64.90,72.5,80,85,52.5,57.5,60,120,132.5,140,285,299.34,
Stephanie Mahan,-84,lifters-view?id=5889,1.,Stephanie Mahan,1992,SSPT,,83.60,127.5,137.5,-142.5,65,70,75,137.5,147.5,157.5,370,330.74,
Jenny Nocas,-84,lifters-view?id=5890,2.,Jenny Nocas,1993,SSPT,,79.50,117.5,125,-132.5,72.5,77.5,80,135,145,155,360,330.55,
Kelli Lowenburg,-43,lifters-view?id=2061,2.,Kelli Lowenburg,,,,42.90,65,70,-75,30,-32.5,,100,105,107.5,207.5,297.06,
Joanna Welsh,-47,lifters-view?id=2062,1.,Joanna Welsh,1972,SSPT,,46.40,85,92.5,95,55,-57.5,57.5,125,132.5,-137.5,285,386.83,
Shannan D'Annunzio,-57,lifters-view?id=8376,9.,Shannan D'Annunzio,1971,,,56.50,75,85,-90,55,-60,60,105,117.5,122.5,267.5,312.55,
Theresa Ball,-57,lifters-view?id=5156,10.,Theresa Ball,1973,,,55.70,77.5,82.5,87.5,47.5,50,52.5,102.5,110,112.5,252.5,298.35,
Rhonda Winterhalter,-57,lifters-view?id=6238,12.,Rhonda Winterhalter,1972,,,55.60,-80,-80,-80,45,-50,-50,-85,85,90,0,0.00,
Jennifer Thompson,-63,lifters-view?id=455,1.,Jennifer Thompson,1973,,,61.50,130,142.5,-147.5,125,137.5,140,160,190,202.5,485,530.54,
Carrie Merscham,-63,lifters-view?id=6259,2.,Carrie Merscham,1971,,,60.90,67.5,72.5,77.5,40,42.5,45,85,92.5,100,222.5,245.22,
Priscilla Ribic,-72,lifters-view?id=397,1.,Priscilla Ribic,1972,,,71.80,150,,,100,,,182.5,,,432.5,422.94,
Sheryl Condon,-72,lifters-view?id=1260,7.,Sheryl Condon,1972,SSPT,,71.80,122.5,130,137.5,70,75,80,157.5,167.5,175,392.5,383.83,
Jennifer Kroken,-72,lifters-view?id=4171,12.,Jennifer Kroken,1974,,,71.00,122.5,137.5,142.5,67.5,75,77.5,132.5,147.5,-155,367.5,362.06,
Theresa Willis,-72,lifters-view?id=5321,4.,Theresa Willis,1970,,,64.10,90,97.5,102.5,50,55,-57.5,125,132.5,-140,290,307.43,
Beth Zellen,-72,lifters-view?id=4479,5.,Beth Zellen,1973,,,71.20,82.5,-87.5,-87.5,57.5,62.5,-67.5,120,127.5,135,280,275.35,
Sebrina Davis,-84,lifters-view?id=556,1.,Sebrina Davis,1970,,,75.20,165,-177.5,180,85,95,,192.5,202.5,210,485,460.31,
Alicia Webb,-84,lifters-view?id=558,2.,Alicia Webb,1971,,,81.80,182.5,-192.5,-192.5,85,92.5,97.5,180,185,190,470,424.88,
Gena Doyle,84+,lifters-view?id=6310,1.,Gena Doyle,1973,,,93.00,90,102.5,110,42.5,47.5,-52.5,120,130,140,297.5,253.77,
Shyami Murphy,-47,lifters-view?id=2072,3.,Shyami Murphy,1966,,,45.80,80,-85,85,40,42.5,-45,92.5,-97.5,97.5,225,308.23,
Suzanne Hartwig-Gary,-52,lifters-view?id=392,1.,Suzanne Hartwig-Gary,1968,SSPT,,51.60,132.5,142.5,147.5,67.5,72.5,-77.5,135,145,155,375,470.29,
Danna Snow,-57,lifters-view?id=8572,1.,Danna Snow,1969,,,56.00,85,90,92.5,67.5,72.5,-77.5,120,127.5,-135,292.5,344.16,
Cathy Mele,-57,lifters-view?id=2075,2.,Cathy Mele,1966,,,56.20,70,77.5,-82.5,52.5,55,-57.5,117.5,132.5,140.5,273,320.31,
Christine Hamp,-63,lifters-view?id=2076,1.,Christine Hamp,1967,,,61.30,100,107.5,112.5,70,-75,-77.5,117.5,122.5,137.5,320,350.91,
Joy Burg,-63,lifters-view?id=5066,2.,Joy Burg,1965,,,58.40,90,-95,-95,50,52.5,55,120,127.5,-132.5,272.5,310.27,
Melissa Benson,-72,lifters-view?id=3641,1.,Melissa Benson,1968,,,71.70,77.5,-85,85,50,52.5,-55,85,90,102.5,240,234.91,
Cathy Belben,-72,lifters-view?id=2472,2.,Cathy Belben,1967,Phoinix,,65.20,62.5,-65,67.5,47.5,52.5,57.5,92.5,92.5,100,225,235.51,
Tina Robinson,-84,lifters-view?id=13774,1.,Tina Robinson,1967,,,80.60,145,152.5,-160,102.5,107.5,112.5,160,170,182.5,447.5,407.76,
Heidi Ziegle,-84,lifters-view?id=6300,2.,Heidi Ziegle,,Goggins Force (ALT),,83.60,102.5,112.5,-120,65,70,-72.5,110,117.5,125,307.5,274.87,
Jeriann Doll,84+,lifters-view?id=17582,11.,Jeriann Doll,,,,94.30,85,95,105,82.5,90,-92.5,142.5,162.5,-165,357.5,303.37,
Carmen Hays,84+,lifters-view?id=6312,2.,Carmen Hays,1968,,,97.90,75,80,87.5,52.5,55,-60,115,125,137.5,280,234.64,
Lynne Homan,-57,lifters-view?id=416,4.,Lynne Homan,1962,,,56.80,90,97.5,105,70,75,-80,135,142.5,145,325,378.17,
Antoinette  Kemper,-57,lifters-view?id=7377,5.,Antoinette  Kemper,1964,,,55.00,107.5,117.5,120,72.5,75,-77.5,120,127.5,-132.5,322.5,384.84,
Rhonda Jones,-57,lifters-view?id=6241,3.,Rhonda Jones,1964,,,54.70,70,-77.5,-77.5,42.5,45,-47.5,100,,,215,257.68,
Joanne Craig,-63,lifters-view?id=591,1.,Joanne Craig,1961,,,62.50,107.5,117.5,122.5,57.5,60,-62.5,117.5,127.5,-135.5,310,334.96,
Donna Marts,-72,lifters-view?id=13702,1.,Donna Marts,1960,SSPT,,70.40,105,112.5,117.5,70,75,80,130,140,147.5,345,341.90,
Laurie MacDonald,-84,lifters-view?id=577,10.,Laurie MacDonald,1962,,,75.40,107.5,117.5,125,67.5,75,-80,132.5,145,150,350,331.63,
Patricia Nunziati,-84,lifters-view?id=6302,2.,Patricia Nunziati,1964,,,78.70,80,87.5,-95,57.5,-62.5,62.5,100,112.5,120,270,249.35,
Jeannine Cascadden,-84,lifters-view?id=3326,3.,Jeannine Cascadden,1963,SSPT,,82.90,85,90,-97.5,60,65,-70,105,-110,-110,260,233.40,
Kim Meyer-Lee,-84,lifters-view?id=3642,4.,Kim Meyer-Lee,1960,,,77.90,72.5,77.5,82.5,60,62.5,65,90,95,100,247.5,229.93,
Stephany Wilken,-84,lifters-view?id=6303,5.,Stephany Wilken,1961,,,80.90,-60,60,-67.5,42.5,47.5,-52.5,115,-120,120,227.5,206.89,
Michelle Fayant,84+,lifters-view?id=2086,5.,Michelle Fayant,1964,,,99.00,140,-152.5,157.5,95,102.5,105,170,182.5,190,452.5,377.88,
Cathy Marksteiner,-63,lifters-view?id=606,1.,Cathy Marksteiner,,,,62.30,100,107.5,110,67.5,72.5,77.5,115,125,130,317.5,343.88,
Lisa McAdams,-63,lifters-view?id=594,2.,Lisa McAdams,1958,,,62.60,102.5,110,112.5,55,-57.5,-57.5,135,-147.5,-147.5,302.5,326.46,
Judith Drenth,-63,lifters-view?id=590,3.,Judith Drenth,,,,61.50,85,92.5,-97.5,57.5,62.5,65,122.5,130,137.5,295,322.70,
Carol Mielke,-72,lifters-view?id=5333,1.,Carol Mielke,1958,,,70.50,-92.5,-97.5,-97.5,57.5,60,-65,120,127.5,-132.5,0,0.00,
Diane Kuhn,-84,lifters-view?id=2100,1.,Diane Kuhn,1958,,,80.80,95,107.5,110,55,60,-62.5,127.5,137.5,-142.5,307.5,279.83,
Jane Freeman,-72,lifters-view?id=5461,1.,Jane Freeman,1954,,,70.00,47.5,55,60,37.5,42.5,-45,75,85,-90,187.5,186.53,
Carol Dorsey,-57,lifters-view?id=4294,1.,Carol Dorsey,1947,,,56.00,50,-52.5,52.5,35,-37.5,37.5,80,85,87.5,177.5,208.85,
Helen White,-63,lifters-view?id=25179,1.,Helen White,1945,,,60.40,80,85,-90,57.5,60,62.5,110,120,122.5,270,299.48,
Leslie Macko,-63,lifters-view?id=6260,2.,Leslie Macko,1949,,,61.30,52.5,60,-65,32.5,37.5,40,80,87.5,-95,187.5,205.61,
Gail Moore,-72,lifters-view?id=9281,1.,Gail Moore,1947,,,71.20,85,95,100,62.5,67.5,-70,107.5,120,125,292.5,287.64,
Pat Kroken,-84,lifters-view?id=2112,1.,Pat Kroken,1947,,,82.90,75,-85,85,30,,,97.5,102.5,105,220,197.49,
Bebe Burns,-52,lifters-view?id=4868,1.,Bebe Burns,1942,,,50.60,42.5,52.5,-55,32.5,37.5,-40,60,70,75,165,210.05,
Regina Hackney,-84,lifters-view?id=441,1.,Regina Hackney,1939,Phoinix,,82.40,70,75,80,45,47.5,-50,115,120,125,252.5,227.38,
Katlin Nicole Reyes,-43,lifters-view?id=17583,1.,Katlin Nicole Reyes,,,,42.10,82.5,-87.5,87.5,42.5,45,-47.5,82.5,90,95,227.5,329.60,
Colleen McNamara,-47,lifters-view?id=6225,2.,Colleen McNamara,1981,SSPT,,46.70,90,95,-100,52.5,57.5,62.5,102.5,110,-117.5,267.5,361.42,
Marisa Inda,-52,lifters-view?id=2127,2.,Marisa Inda,1976,,,50.60,122.5,127.5,132.5,75,80,-82.5,145,155,160,372.5,474.19,
Michelle McHugh,-52,lifters-view?id=6232,3.,Michelle McHugh,1984,RMLC,,51.30,95,102.5,110,52.5,62.5,-72.5,100,105,110,282.5,355.87,
Courtney Childress,-52,lifters-view?id=17584,1.,Courtney Childress,,,,51.50,67.5,75,-82.5,42.5,47.5,-52.5,112.5,122.5,-132.5,245,307.72,
Lodrina Cherne,-57,lifters-view?id=16901,1.,Lodrina Cherne,1982,,,55.80,-115,120,-125,67.5,70,72.5,147.5,155,-160,347.5,410.02,
Alyssa Haveson,-57,lifters-view?id=3148,2.,Alyssa Haveson,1988,,,55.60,107.5,117.5,120,62.5,67.5,72.5,142.5,152.5,-157.5,345,408.20,
Melissa Hunt,-57,lifters-view?id=4165,6.,Melissa Hunt,,,,55.20,100,107.5,-110,60,62.5,65,122.5,-132.5,132.5,305,362.95,
Camilla Jones,-57,lifters-view?id=6246,7.,Camilla Jones,1985,,,54.40,87.5,-92.5,92.5,60,62.5,65,132.5,140,-150,297.5,358.07,
Daniele Sacks,-57,lifters-view?id=6247,8.,Daniele Sacks,,,,56.90,82.5,90,92.5,55,-60,60,122.5,130,-132.5,282.5,328.27,
Heather Hoff,-57,lifters-view?id=4167,11.,Heather Hoff,1989,,,56.30,107.5,-115,117.5,52.5,55,57.5,65,70,75,250,292.93,
Meghan Pellatt,-63,lifters-view?id=5882,2.,Meghan Pellatt,1984,,,62.70,127.5,135,140,-75,77.5,80,-170,172.5,185,405,436.55,
Kristen Dunsmore,-63,lifters-view?id=4394,3.,Kristen Dunsmore,1989,,,62.10,132.5,142.5,150,80,-85,-85,152.5,162.5,172.5,402.5,437.03,
Gina Hensley,-63,lifters-view?id=2175,1.,Gina Hensley,1995,,,62.70,110,120,125,60,-65,-65,155,160,-165,345,371.88,
Dicy Ann Saylor,-63,lifters-view?id=38083,6.,Dicy Ann Saylor,1988,,,62.50,117.5,132.5,137.5,57.5,62.5,65,115,127.5,140,342.5,370.07,
Sara Egbom,-63,lifters-view?id=6264,7.,Sara Egbom,1988,,,59.20,110,115,120,60,62.5,65,140,147.5,155,340,383.04,
April White,-63,lifters-view?id=6266,9.,April White,1983,,,63.00,115,127.5,-132.5,65,70,-72.5,127.5,135,-157.5,332.5,357.11,
Kelsea Koenreich,-63,lifters-view?id=6267,10.,Kelsea Koenreich,1987,,,60.60,107.5,112.5,115,60,-62.5,-62.5,147.5,155,-160,330,365.08,
Zoe Ubaldo,-63,lifters-view?id=6268,11.,Zoe Ubaldo,1988,,,62.30,122.5,-130,-130,-60,60,65,137.5,-142.5,-142.5,325,352.01,
Barbara Lee,-63,lifters-view?id=4296,12.,Barbara Lee,1982,,,62.40,107.5,115,120,55,62.5,-67.5,127.5,137.5,-145,320,346.18,
Jessica Cloud,-63,lifters-view?id=6269,13.,Jessica Cloud,1983,,,62.40,87.5,95,-100,42.5,47.5,50,127.5,140,142.5,287.5,311.02,
RACHEL WARPEHA,-63,lifters-view?id=2958,15.,RACHEL WARPEHA,1984,,,59.30,87.5,92.5,95,62.5,65,67.5,92.5,105,112.5,275,309.40,
Rachel Orosz,-63,lifters-view?id=17585,3.,Rachel Orosz,,,,62.20,90,95,100,45,50,52.5,-135,-135,-135,0,0.00,
Kimberly Walford,-72,lifters-view?id=13754,1.,Kimberly Walford,1978,,,66.50,160,170,180,100,105,107.5,-215,215,-233,502.5,518.43,
Rori Alter,-72,lifters-view?id=6285,5.,Rori Alter,1987,,,69.10,130,135,140,82.5,87.5,90,170,180,182.5,412.5,414.07,
Erin Walterman,-72,lifters-view?id=1376,6.,Erin Walterman,1982,,,67.20,120,130,-137.5,77.5,87.5,-97.5,150,165,177.5,395,404.44,
Angela Bivens,-72,lifters-view?id=5080,9.,Angela Bivens,1980,Goggins Force,,71.60,132.5,-142.5,-145,67.5,72.5,77.5,155,172.5,-190.5,382.5,374.74,
Jaclyn Galligan,-72,lifters-view?id=4347,10.,Jaclyn Galligan,1983,,,70.00,127.5,137.5,142.5,67.5,77.5,-85,-140,140,152.5,372.5,370.56,
Diana Lwanga,-72,lifters-view?id=4990,11.,Diana Lwanga,1982,,,70.50,115,130,-137.5,62.5,70,-75,160,172.5,-185,372.5,368.78,
Chrissy Schaefer,-72,lifters-view?id=3640,13.,Chrissy Schaefer,1984,RMLC,,71.20,127.5,135,-137.5,72.5,-77.5,-77.5,150,155,-160,362.5,356.48,
Katie Ford,-72,lifters-view?id=6289,14.,Katie Ford,,,,71.30,122.5,-130,-130,77.5,82.5,-87.5,145,155,-165,360,353.66,
Amy Welcome,-72,lifters-view?id=954,15.,Amy Welcome,1986,,,69.70,117.5,127.5,-130,65,67.5,-70,145,157.5,-165,352.5,351.72,
Amy Tomasko,-72,lifters-view?id=3020,16.,Amy Tomasko,1988,,,63.40,122.5,132.5,137.5,62.5,67.5,-70,130,140,145,350,374.08,
Jennifer Varner,-72,lifters-view?id=6290,17.,Jennifer Varner,1983,,,68.90,122.5,132.5,-137.5,60,65,-70,140,147.5,152.5,350,352.07,
Jessica Evans,-72,lifters-view?id=6291,18.,Jessica Evans,1987,,,67.40,125,135,-142.5,57.5,62.5,65,130,140,-145,340,347.38,
Robin Johnson,-72,lifters-view?id=2148,1.,Robin Johnson,1998,SSPT,,70.90,115,122.5,130,65,-67.5,67.5,125,132.5,140,337.5,332.84,
Dana Singleton,-72,lifters-view?id=4478,20.,Dana Singleton,1975,,,66.80,100,-115,120,57.5,62.5,-70,142.5,152.5,-160,335,344.48,
Kelly Miller,-72,lifters-view?id=4697,22.,Kelly Miller,1982,,,70.40,107.5,112.5,117.5,62.5,67.5,70,130,137.5,142.5,330,327.03,
Elizabeth Anderson,-72,lifters-view?id=978,23.,Elizabeth Anderson,,,,69.70,92.5,100,105,50,-52.5,-52.5,130,140,150,305,304.33,
Caylen Coxall,-72,lifters-view?id=6294,24.,Caylen Coxall,1988,RMLC,,70.80,107.5,115,122.5,62.5,-67.5,-67.5,110,120,-125,305,301.07,
Jessica Bryant,-72,lifters-view?id=6296,26.,Jessica Bryant,1987,,,69.60,-150,-150,-150,85,90,-92.5,182.5,190,-195,0,0.00,
Natalie Hanson,-84,lifters-view?id=2567,3.,Natalie Hanson,1990,Bell Power Systems,,81.30,160,167.5,175,90,95,-100,-172.5,-182.5,182.5,452.5,410.42,
Rachel Gibson,-84,lifters-view?id=2132,4.,Rachel Gibson,1988,,,81.50,170,180,182.5,75,77.5,-80,170,-175,180,440,398.55,
Shana White,-84,lifters-view?id=5089,5.,Shana White,1978,Goggins Force,,83.00,150,160,167.5,85,90,-95,182.5,-205,-205,440,394.77,
Meagan Pollock,-84,lifters-view?id=6306,6.,Meagan Pollock,1982,,,80.90,135,145,152.5,85,90,92.5,147.5,162.5,170,415,377.40,
Amanda Carroll,-84,lifters-view?id=6319,7.,Amanda Carroll,1980,SSPT,,84.00,140,150,-160,67.5,72.5,-77.5,150,160,165,387.5,345.53,
Cipriana Castellano,-84,lifters-view?id=13736,1.,Cipriana Castellano,1997,SSPT,,73.20,142.5,150,-157.5,75,80,-82.5,137.5,147.5,155,385,371.72,
Debbie Zeigler,-84,lifters-view?id=3150,9.,Debbie Zeigler,1985,,,80.30,135,142.5,150,82.5,87.5,-92.5,127.5,137.5,-147.5,375,342.41,
Lana Zellner,-84,lifters-view?id=5162,11.,Lana Zellner,1985,SSPT,,75.40,110,115,117.5,50,52.5,55,125,135,140,312.5,296.09,
Qudsiah Khan,-84,lifters-view?id=6309,12.,Qudsiah Khan,1982,Phoinix,,79.00,95,102.5,105,52.5,57.5,-62.5,115,122.5,135,297.5,274.15,
Bonica Lough,84+,lifters-view?id=14781,1.,Bonica Lough,1988,,,128.40,220,232.5,242.5,115,127.5,140,192.5,215,227.5,610,481.96,
Rebecca Holcomb,84+,lifters-view?id=13795,2.,Rebecca Holcomb,1987,SSPT,,145.00,165,175,185,82.5,87.5,92.5,205,217.5,227.5,505,390.37,
Melissa Copeland,84+,lifters-view?id=4173,3.,Melissa Copeland,1977,SSPT,,115.10,185,195,-205,97.5,105,-107.5,182.5,192.5,-200,492.5,396.86,
Casey Fonoti,84+,lifters-view?id=4505,4.,Casey Fonoti,1987,SSPT,,129.50,-165,-165,165,85,92.5,100,190,-202.5,-202.5,455,358.95,
Elizabeth Flinner,84+,lifters-view?id=6316,6.,Elizabeth Flinner,1989,,,107.00,152.5,-162.5,162.5,82.5,-87.5,-87.5,152.5,170,-185,415,339.47,
Rachel Goldman,84+,lifters-view?id=6317,7.,Rachel Goldman,,Phoinix,,98.70,125,145,160,80,87.5,-92.5,125,150,160,407.5,340.63,
Courtney Lynch,84+,lifters-view?id=6318,8.,Courtney Lynch,1986,,,116.20,145,150,152.5,70,-75,75,160,172.5,177.5,405,325.74,
Amanda Jonnala,84+,lifters-view?id=6320,9.,Amanda Jonnala,1976,Goggins Force,,120.70,-112.5,125,142.5,72.5,77.5,82.5,142.5,157.5,-167.5,382.5,305.54,
Alexis Dowling,84+,lifters-view?id=6321,10.,Alexis Dowling,1985,,,107.00,-135,137.5,-142.5,72.5,75,-77.5,155,162.5,-167.5,375,306.75,
Michelle Grapel,84+,lifters-view?id=6323,12.,Michelle Grapel,1981,SSPT,,91.20,110,-112.5,-112.5,-60,62.5,65,127.5,135,137.5,312.5,268.56,
Emily Gardner,-57,lifters-view?id=2143,1.,Emily Gardner,2000,,,55.60,85,95,102.5,55,60,65,82.5,90,97.5,265,313.55,
Natalie Montoya,-72,lifters-view?id=2146,2.,Natalie Montoya,1999,,,65.70,70,77.5,85,52.5,57.5,58,-80,80,,223,232.10,
Lydia Mele,-72,lifters-view?id=2145,1.,Lydia Mele,1998,,,71.50,115,-122.5,-122.5,60,65,-67.5,130,137.5,-142.5,317.5,311.34,
Michelle Robbins,-72,lifters-view?id=2160,2.,Michelle Robbins,1997,Phoinix,,66.20,90,95,97.5,60,67.5,-70,137.5,145,-152.5,310,320.88,
Shelby Miles,-72,lifters-view?id=2170,3.,Shelby Miles,1998,,,69.70,102.5,-110,110,60,65,-67.5,-125,125,-142.5,300,299.34,
Kaylie Butt,-84,lifters-view?id=2162,2.,Kaylie Butt,1997,,,78.60,-107.5,107.5,117.5,45,52.5,55,130,140,-150,312.5,288.81,
Richele Schulte,-84,lifters-view?id=2811,3.,Richele Schulte,1997,,,83.30,82.5,90,97.5,52.5,57.5,-60,100,107.5,115,270,241.79,
Tracy Payne,-84,lifters-view?id=2702,4.,Tracy Payne,1998,,,73.60,50,60,65,37.5,40,45,82.5,92.5,107.5,217.5,209.26,
Jessica Doyle,84+,lifters-view?id=2164,1.,Jessica Doyle,1996,,,88.40,90,105,110,45,50,55,120,127.5,-132.5,292.5,254.68,
Darian Lendermon,-57,lifters-view?id=4217,1.,Darian Lendermon,1994,,,54.70,102.5,105,110,60,65,-72.5,117.5,122.5,132.5,307.5,368.54,
Mary E. Clark,-63,lifters-view?id=3317,2.,Mary E. Clark,,,,58.80,80,87.5,90,60,62.5,65,125,142.5,-157.5,297.5,336.92,
Klarissa Kobernusz,-72,lifters-view?id=6273,1.,Klarissa Kobernusz,2017,,,65.30,102.5,110,-115,-47.5,-52.5,52.5,140,147.5,-152.5,310,324.11,
Ella Lowenburg,-84,lifters-view?id=674,1.,Ella Lowenburg,,,,82.90,-90,-90,90,52.5,55,57.5,115,120,-125,267.5,240.13,
Sylvia Vanden Heuvel,84+,lifters-view?id=2178,1.,Sylvia Vanden Heuvel,1995,,,85.20,82.5,102.5,-120,52.5,57.5,60,102.5,122.5,-137.5,285,252.40,
Rose Scotello,-43,lifters-view?id=2947,1.,Rose Scotello,2004,,,33.90,-25,-25,-25,15,-17.5,17.5,30,35,40,0,0.00,
Hannah Dolin,-57,lifters-view?id=6251,1.,Hannah Dolin,2000,,,56.10,42.5,50,57.5,30,37.5,-45,67.5,75,82.5,177.5,208.56,
Morgan Kent,-47,lifters-view?id=2184,1.,Morgan Kent,2002,,,45.70,60,67.5,70,27.5,32.5,35,60,67.5,72.5,177.5,243.53,
Kaylie Ball,-47,lifters-view?id=2185,2.,Kaylie Ball,2001,SSPT,,46.40,37.5,42.5,47.5,25,27.5,-30,67.5,72.5,77.5,152.5,206.99,
Christopher Alexander,-59,lifters-view?id=4319,1.,Christopher Alexander,1993,LA Leg,,58.40,120,-130,-130,70,75,-77.5,167.5,-180,-180,362.5,317.01,
Denver Chisom,-66,lifters-view?id=10570,3.,Denver Chisom,1990,,,65.00,-157.5,-162.5,165,130,135,-137.5,202.5,217.5,227.5,527.5,419.47,
Armond Hughes,-66,lifters-view?id=6338,2.,Armond Hughes,,,,65.70,-177.5,177.5,190,-102.5,102.5,105,217.5,230,-240.5,525,413.75,
Robert Ambrose,-66,lifters-view?id=15539,6.,Robert Ambrose,1991,,,64.60,145,160,165,105,115,-120,182.5,197.5,202.5,482.5,385.66,
Kyle Simpson,-66,lifters-view?id=8107,7.,Kyle Simpson,1991,,,64.90,147.5,150,,107.5,115,-117.5,217.5,,,482.5,384.17,
Jonathan Chapa,-74,lifters-view?id=1630,3.,Jonathan Chapa,1990,,,73.00,215,222.5,-230,-125,125,130,245,262.5,267.5,620,450.37,
Arthur Bui,-74,lifters-view?id=3504,6.,Arthur Bui,1992,,,73.30,195,205,210,130,137.5,-142.5,225,242.5,252.5,600,434.52,
Taylor Nox,-74,lifters-view?id=1610,7.,Taylor Nox,1993,LA Leg,,73.20,187.5,-200,200,135,142.5,147.5,220,240,-247.5,587.5,425.88,
Keith Schneider,-74,lifters-view?id=5213,12.,Keith Schneider,1992,,,73.10,185,197.5,-205,102.5,112.5,-120,232.5,247.5,-255,557.5,404.52,
Robert Irving,-74,lifters-view?id=8188,13.,Robert Irving,1991,,,73.60,175,-180,-180,130,137.5,-140,227.5,230,237.5,550,397.16,
Billy Luther,-74,lifters-view?id=5214,6.,Billy Luther,1991,,,68.80,165,177.5,187.5,120,125,-127.5,212.5,-227.5,-227.5,525,398.74,
John Shulik,-74,lifters-view?id=6359,7.,John Shulik,1991,,,72.00,-167.5,167.5,-187,127.5,-132.5,-132.5,215,-232.5,,510,374.19,
Joey Burke,-74,lifters-view?id=4089,8.,Joey Burke,1994,,,72.70,167.5,172.5,182.5,112.5,-117.5,-117.5,200,215,-225,510,371.54,
Joseph Bliski,-74,lifters-view?id=6360,9.,Joseph Bliski,,LA Leg,,69.10,155,165,170,105,-107.5,-107.5,200,-212.5,212.5,487.5,368.99,
Jonnie Candito,-83,lifters-view?id=1287,12.,Jonnie Candito,1992,,,82.10,237.5,245,-250,132.5,140,-145,257.5,-265,-265,642.5,431.70,
Andrey Grebenetsky,-83,lifters-view?id=4179,13.,Andrey Grebenetsky,1990,,,82.70,207.5,227.5,-242.5,142.5,155,162.5,227.5,247.5,-260,637.5,426.42,
Spencer Johnson,-83,lifters-view?id=3108,3.,Spencer Johnson,1992,,,81.90,195,202.5,207.5,147.5,157.5,162.5,242.5,-260,-260,612.5,412.15,
Alex Pinnow,-83,lifters-view?id=1611,4.,Alex Pinnow,1993,,,78.50,207.5,217.5,223.5,127.5,142.5,-152.5,-220,222.5,240,606,418.75,
Matthew Guzik,-83,lifters-view?id=17185,20.,Matthew Guzik,1992,,,77.00,200,212.5,217.5,127.5,132.5,135,245,-255,-255,597.5,418.19,
Tom Buckles,-83,lifters-view?id=4766,6.,Tom Buckles,1994,,,81.70,172.5,192.5,-205,112.5,125,132.5,215,235,250,575,387.49,
Ryne Golesh,-83,lifters-view?id=6382,7.,Ryne Golesh,1993,,,81.40,170,185,195,112.5,125,132.5,175,202.5,212.5,540,364.72,
Joseph Fazio,-83,lifters-view?id=2541,8.,Joseph Fazio,1991,,,81.40,142.5,157.5,165,125,135,-140,182.5,205,-210,505,341.08,
Benigno Paz,-83,lifters-view?id=6383,9.,Benigno Paz,1993,,,80.20,172.5,-187.5,187.5,95,105,-112.5,177.5,190,210,502.5,342.50,
David Beiswenger,-83,lifters-view?id=6384,10.,David Beiswenger,1994,,,80.80,145,162.5,172.5,87.5,-97.5,-97.5,200,220,227.5,487.5,330.77,
Donal Neal,-83,lifters-view?id=6385,11.,Donal Neal,,,,78.50,165,-180,-180,100,-107.5,107.5,182.5,200,-227.5,472.5,326.50,
Garrett Bottesy Bailey,-93,lifters-view?id=17587,3.,Garrett Bottesy Bailey,,Louisiana Legends,,92.30,242.5,255,-262.5,152.5,162.5,172.5,325,-340,-355.5,752.5,474.45,
Nicholas Deluca,-93,lifters-view?id=212,11.,Nicholas Deluca,,,,92.40,250,-267.5,-267.5,155,162.5,172.5,260,-267.5,,682.5,430.04,
Michael Soya,-93,lifters-view?id=4182,13.,Michael Soya,1990,,,91.30,200,222.5,235,160,167.5,-172.5,235,252.5,262.5,665,421.48,
Hani Jazayrli,-93,lifters-view?id=14897,16.,Hani Jazayrli,1990,,,91.00,227.5,245,-262.5,132.5,140,147.5,227.5,250,265,657.5,417.45,
Sam Nemir,-93,lifters-view?id=3265,5.,Sam Nemir,1993,,,90.10,215,222.5,-232.5,142.5,-147.5,-147.5,240,250,260,625,398.75,
Alan Beavers,-93,lifters-view?id=4103,24.,Alan Beavers,1992,,,91.50,200,-210,-210,142.5,145,150,250,-255,-255,600,379.86,
Michael Parsons,-93,lifters-view?id=4542,7.,Michael Parsons,1990,,,91.70,-205,205,-210,162.5,172.5,-182.5,207.5,217.5,-225,595,376.34,
Gregory Johnson,-105,lifters-view?id=9576,4.,Gregory Johnson,1990,Ram Powerlifting,,97.80,262.5,272.5,282.5,160,-165,-165,340,347.5,-352.5,790,485.22,
Cody Mohlencamp,-105,lifters-view?id=3125,2.,Cody Mohlencamp,1994,,,104.20,262.5,272.5,277.5,165,172.5,-177.5,255,-265,-265,705,422.44,
Joe Loyacono,-105,lifters-view?id=6450,3.,Joe Loyacono,1991,,,102.50,215,230,-237.5,165,170,-172.5,287.5,300,-307.5,700,421.96,
Tyler Cook,-105,lifters-view?id=2550,4.,Tyler Cook,1991,,,104.10,192.5,202.5,210,147.5,157.5,165,247.5,272.5,-302.5,647.5,388.11,
Reichelt Michael,-105,lifters-view?id=13218,5.,Reichelt Michael,1994,,,98.90,225,-245,-245,142.5,150,-157.5,225,242.5,-260,617.5,377.48,
William Mcdonald,-105,lifters-view?id=4268,27.,William Mcdonald,1993,Ram Powerlifting,,104.00,205,-212.5,-215,65,115,120,-205,205,-210,530,317.79,
Jay Wade,-105,lifters-view?id=1844,28.,Jay Wade,1994,,,98.40,-260,-265,-265,165,175,-182.5,265,-272.5,-272.5,0,0.00,
Jared Goad,-120,lifters-view?id=6484,1.,Jared Goad,1991,SSPT,,118.80,-265,-265,265,142.5,-160,-175,272.5,285,-290,692.5,399.09,
Sam Parker,-120,lifters-view?id=6485,2.,Sam Parker,,,,118.10,227.5,237.5,-245,147.5,155,-162.5,260,280,-295,672.5,388.10,
Aaron Boulay,-120,lifters-view?id=5394,12.,Aaron Boulay,1991,,,105.20,190,-207.5,-217.5,130,140,150,237.5,257.5,277.5,617.5,368.77,
Andrew Askow,120+,lifters-view?id=12362,1.,Andrew Askow,1994,,,177.70,307.5,325,340,185,195,205,265,280,282.5,827.5,446.27,
LUKE KLEIN,120+,lifters-view?id=3005,5.,LUKE KLEIN,1992,,,154.90,285,300,-305,187.5,195,-197.5,295,305,-332.5,800,440.64,
Austen Vickers,120+,lifters-view?id=10357,8.,Austen Vickers,1991,,,122.40,260,282.5,-290,167.5,180,185,272.5,292.5,-300,760,435.02,
Jeremy Matschek,120+,lifters-view?id=2641,13.,Jeremy Matschek,1994,,,123.70,210,217.5,227.5,165,175,-182.5,225,232.5,237.5,640,365.50,
Mike Cagliola,-74,lifters-view?id=1259,1.,Mike Cagliola,1970,,,72.80,180,190,195,132.5,140,142.5,202.5,212.5,217.5,555,403.93,
Brian Morrison,-74,lifters-view?id=3917,2.,Brian Morrison,1973,,,72.10,140,155,-167.5,115,125,-135,172.5,-190,190,470,344.51,
Jamie McDougal,-83,lifters-view?id=638,3.,Jamie McDougal,1972,,,81.50,200,-217.5,227.5,165,175,182.5,270,282.5,-290,692.5,467.37,
Ken Bray,-83,lifters-view?id=2542,25.,Ken Bray,1969,,,76.70,-170,172.5,-185,107.5,-112.5,112.5,240,255,-260,540,378.92,
Chris Clark,-83,lifters-view?id=3657,29.,Chris Clark,1972,RMLC,,82.00,175,182.5,190,125,127.5,130,200,-215,215,535,359.73,
Robert Odom,-83,lifters-view?id=3649,4.,Robert Odom,1974,,,76.20,155,167.5,-182.5,105,112.5,-117.5,175,182.5,200,480,338.30,
Donald Bigham,-93,lifters-view?id=495,14.,Donald Bigham,1972,,,85.60,222.5,237.5,245,145,152.5,-157.5,240,252.5,262.5,660,432.76,
Ken Gack,-105,lifters-view?id=280,15.,Ken Gack,1970,Phoinix,,104.40,235,242.5,247.5,175,180,-182.5,240,250,257.5,685,410.18,
Clint Poore,-105,lifters-view?id=2634,2.,Clint Poore,1973,,,104.50,200,220,-230,190,200,-205,200,220,230,650,389.09,
Danny Henry,-105,lifters-view?id=8145,22.,Danny Henry,1971,,,100.90,185,200,210,-135,135,145,245,272.5,-285,627.5,380.52,
Ron Lloyd,-120,lifters-view?id=5384,1.,Ron Lloyd,,,,117.00,250,-255,,175,185,187.5,272.5,277.5,282.5,720,416.52,
Robert Schmidt,-120,lifters-view?id=4186,8.,Robert Schmidt,1973,SSPT,,117.60,247.5,260,-272.5,175,182.5,-190,230,240,-250,682.5,394.28,
Michael Skelton,-120,lifters-view?id=6488,3.,Michael Skelton,1968,,,108.90,210,222.5,-232.5,165,-180,180,245,260,-265,662.5,391.07,
Chip Beck,-120,lifters-view?id=5475,11.,Chip Beck,1972,,,116.70,205,215,-227.5,160,167.5,-172.5,227.5,250,-257.5,632.5,366.09,
Darren Jackson,-120,lifters-view?id=4660,5.,Darren Jackson,1970,,,115.30,205,222.5,-227.5,125,132.5,137.5,205,222.5,232.5,592.5,344.01,
Eric Kupperstein,-59,lifters-view?id=9730,2.,Eric Kupperstein,1966,,,58.80,170,182.5,187.5,70,75,77.5,225,-245,-260,490,425.76,
Jeff Phillips,-66,lifters-view?id=542,1.,Jeff Phillips,1965,,,64.00,137.5,155,160,105,112.5,115,205,227.5,232.5,507.5,408.89,
Greg Simmons,-66,lifters-view?id=274,4.,Greg Simmons,,,,65.70,155,167.5,177.5,115,122.5,125,195,-207.5,,497.5,392.08,
Johnny May,-74,lifters-view?id=1661,10.,Johnny May,1968,,,73.80,-192.5,-192.5,192.5,155,160,162.5,207.5,210,215,570,410.80,
Keith Scisney,-74,lifters-view?id=1257,2.,Keith Scisney,,,,73.30,182.5,202.5,210,110,125,132.5,182.5,212.5,-227.5,555,401.93,
Michael Macri,-74,lifters-view?id=20104,3.,Michael Macri,1969,,,71.80,-177.5,177.5,-187.5,85,90,-95,177.5,187.5,200,467.5,343.71,
Laddie Gibson,-83,lifters-view?id=275,1.,Laddie Gibson,1965,,,82.20,185,205,212.5,165,175,-180.5,230,245,260,647.5,434.73,
Donovan Thompson,-83,lifters-view?id=11714,22.,Donovan Thompson,1966,,,82.00,175,205,210,142.5,160,162.5,182.5,222.5,,595,400.08,
Troy Gibson,-93,lifters-view?id=547,1.,Troy Gibson,1965,,,91.50,217.5,230,,165,172.5,177.5,255,265,275,682.5,432.09,
Chad Rexrode,-93,lifters-view?id=5874,2.,Chad Rexrode,1968,SSPT,,88.70,205,217.5,227.5,155,162.5,-170,225,240,252.5,642.5,413.26,
Alvin Ueunten,-93,lifters-view?id=6421,3.,Alvin Ueunten,1969,,,90.00,192.5,205,217.5,147.5,160,-165,225,245,255,632.5,403.79,
Vic Fazio,-93,lifters-view?id=2547,32.,Vic Fazio,1962,,,91.90,165,192.5,-200,112.5,125,-130,200,220,-230,537.5,339.59,
Thomas Mazzotta,-93,lifters-view?id=5247,5.,Thomas Mazzotta,1967,,,86.60,127.5,142.5,160,82.5,92.5,102.5,157.5,182.5,195,457.5,298.06,
Alvin Fritz,-105,lifters-view?id=17588,18.,Alvin Fritz,1968,,,103.90,227.5,-245,245,160,-170,-170,230,247.5,-255,652.5,391.37,
Greg Titus,-105,lifters-view?id=5875,2.,Greg Titus,1966,,,100.80,190,200,210,167.5,172.5,180,230,240,250,640,388.29,
Roy Andrew,-105,lifters-view?id=5095,3.,Roy Andrew,1967,SSPT,,101.60,195,207.5,-212.5,147.5,155,160,242.5,257.5,-272.5,625,378.00,
David Nix,-105,lifters-view?id=6456,4.,David Nix,1968,,,104.60,200,212.5,222.5,142.5,147.5,150,200,220,-227.5,592.5,354.55,
Wesley Beach,-120,lifters-view?id=6490,1.,Wesley Beach,1969,,,114.20,227.5,240,-245,165,170,-172.5,275,285,295,705,410.38,
Eric Harper,120+,lifters-view?id=569,6.,Eric Harper,1966,SSPT,,136.40,280,297.5,310,202.5,212.5,222.5,-240,240,250,782.5,438.98,
Randy Cairns,120+,lifters-view?id=1266,11.,Randy Cairns,1965,,,124.30,235,252.5,265,-142.5,142.5,-147.5,252.5,262.5,270,677.5,386.51,
Carl Werda,120+,lifters-view?id=5794,3.,Carl Werda,1966,,,144.00,227.5,247.5,252.5,160,170,-180,240,245,250,672.5,374.25,
Gary Kaiser,-74,lifters-view?id=1676,1.,Gary Kaiser,1960,,,73.30,142.5,,,130,137.5,-143,207.5,-227.5,,487.5,353.05,
Michael Willett,-83,lifters-view?id=6390,1.,Michael Willett,1962,,,82.80,170,185,-192.5,120,130,-132.5,210,225,232.5,547.5,366.00,
Randy Haskett,-83,lifters-view?id=3658,2.,Randy Haskett,1960,,,78.00,132.5,-152.5,-152.5,95,-107.5,-107.5,175,182.5,192.5,420,291.44,
Russell Clark,-93,lifters-view?id=3660,1.,Russell Clark,1961,,,91.40,197.5,210,217.5,125,-127.5,-127.5,227.5,245,262.5,605,383.27,
Douglas Ballard,-93,lifters-view?id=6423,2.,Douglas Ballard,1963,,,91.10,187.5,200,210,112.5,120,127.5,215,232.5,-250,570,361.67,
Ennis White,-105,lifters-view?id=699,1.,Ennis White,1964,,,104.20,205,212.5,-235,170,180,-187.5,242.5,247.5,257.5,650,389.48,
Austin Keanu,-105,lifters-view?id=17589,23.,Austin Keanu,1961,,,103.20,230,247.5,-252.5,150,-160,-160,205,227.5,-240,625,375.81,
Anthony Harris,-120,lifters-view?id=283,3.,Anthony Harris,1964,,,113.80,285,307.5,320,165,180,187.5,295,307.5,325,832.5,485.10,
Lance Robbins,-120,lifters-view?id=6492,2.,Lance Robbins,1963,Phoinix,,111.80,182.5,205,-210,125,-135,-135,205,227.5,240,570,333.79,
Brett Robbins,-120,lifters-view?id=6493,3.,Brett Robbins,1963,Phoinix,,113.10,182.5,205,210,125,-137.5,-137.5,205,227.5,-237.5,562.5,328.33,
Thomas Montoya,120+,lifters-view?id=3134,1.,Thomas Montoya,1964,,,128.30,182.5,192.5,200,-130,130,-137.5,137.5,-182.5,,467.5,265.07,
Wayne David Herl,-83,lifters-view?id=1694,1.,Wayne David Herl,,,,82.40,-170,170,177.5,110,115,120,215,222.5,227.5,525,351.96,
Scott Roberts,-93,lifters-view?id=40288,15.,Scott Roberts,1958,RMLC,,90.90,215,235,245,122.5,132.5,137.5,252.5,275,-285,657.5,417.64,
Jeff Monahos,-93,lifters-view?id=581,2.,Jeff Monahos,1959,,,89.60,187.5,202.5,-210,132.5,140,-145,200,215,227.5,570,364.69,
Charles Akers,-93,lifters-view?id=8192,3.,Charles Akers,1959,,,92.90,192.5,-205,205,120,125,-130,227.5,-240,-240,557.5,350.39,
Jeff Pagan,-93,lifters-view?id=599,4.,Jeff Pagan,1957,,,90.90,185,-190,-190,155,157.5,160,195,-197.5,,540,343.01,
GARY GRAHN,-93,lifters-view?id=2968,5.,GARY GRAHN,1955,,,91.70,140,-147.5,150,105,112.5,120,160,175,185,455,287.79,
Mark Robb,-105,lifters-view?id=583,14.,Mark Robb,1959,SSPT,,102.20,-250,265,-275,140,147.5,-152.5,275,,,687.5,414.91,
Doug Currence,-105,lifters-view?id=582,2.,Doug Currence,1959,,,105.00,232.5,250,-260,160,165,167.5,250,,,667.5,398.90,
Warren Dickerson,-105,lifters-view?id=6459,3.,Warren Dickerson,1955,,,94.30,172.5,-185,-185,135,140,142.5,227.5,250,257,572,356.99,
Sergey Shadyun,-105,lifters-view?id=9954,4.,Sergey Shadyun,1957,RMLC,,104.80,190,210,-220,110,120,-130,190,-200,-200,520,310.96,
Jim Curley,-105,lifters-view?id=6461,5.,Jim Curley,1955,,,99.50,100,127.5,145,100,105,-107.5,175,185,195,445,271.36,
Harold Lloyd,-105,lifters-view?id=6462,6.,Harold Lloyd,1957,SSPT,,104.30,200,210,-215,110,115,-120,-222.5,-222.5,-222.5,0,0.00,
Joseph Marksteiner,-66,lifters-view?id=22975,1.,Joseph Marksteiner,1953,,,65.70,142.5,157.5,167.5,82.5,85,90,140,155,170,427.5,336.91,
Robert Yamasaki,-74,lifters-view?id=17275,1.,Robert Yamasaki,1952,,,73.20,185,197.5,205,110,117.5,-122.5,210,227.5,-242.5,550,398.70,
Edgie Walrath,-74,lifters-view?id=6362,2.,Edgie Walrath,1953,,,73.90,-90,90,,80,85,-87.5,107.5,115,125,300,216.00,
Daniel Swannigan,-83,lifters-view?id=1711,1.,Daniel Swannigan,1953,,,82.00,-85,-85,115,-110,115,-122.5,-205,-227.5,235,465,312.67,
John LaFlamme,-83,lifters-view?id=1720,2.,John LaFlamme,1950,,,82.40,132.5,147.5,152.5,85,92.5,95,195,-215,215,462.5,310.06,
Bill Clayton,-83,lifters-view?id=1710,3.,Bill Clayton,1953,,,78.80,155,-165,165,92.5,-100,-100,185,197.5,-205,455,313.63,
Claude Welcome,-93,lifters-view?id=613,1.,Claude Welcome,1951,,,90.70,157.5,167.5,175,135,140,142.5,182.5,192.5,200,517.5,329.08,
Charles Gilmore,-93,lifters-view?id=3306,2.,Charles Gilmore,1952,,,91.90,102.5,125,132.5,112.5,115,117.5,185,207.5,220.5,470.5,297.26,
Steve Harms,-93,lifters-view?id=1509,3.,Steve Harms,1952,,,92.60,110,125,130,125,-130,-130,100,130,-145,385,242.36,
Floyd Givens,-105,lifters-view?id=310,1.,Floyd Givens,1951,,,95.90,-150,150,180,-107.5,107.5,120,225,-242.5,257,557,345.01,
Al Wood,-105,lifters-view?id=363,2.,Al Wood,,,,101.20,145,-155,-155,80,85,100,182.5,192.5,-202.5,437.5,264.99,
Charles King,-105,lifters-view?id=6481,3.,Charles King,1950,,,95.40,95,105,110,110,120,125,140,155,160,395,245.26,
David Wolf,-120,lifters-view?id=6494,1.,David Wolf,1954,,,116.10,165,175,182.5,-125,125,130,205,215,222.5,535,310.09,
Frank Baja,-120,lifters-view?id=1703,2.,Frank Baja,1954,RMLC,,108.30,162.5,177.5,185,92.5,97.5,100,192.5,202.5,210,495,292.74,
Alex Galant,-59,lifters-view?id=299,6.,Alex Galant,1947,Titan,,58.10,100,-115,-115,40,47.5,52.5,122.5,140,142.5,295,259.22,
Robert Humphreys,-74,lifters-view?id=4563,1.,Robert Humphreys,1946,,,73.70,100,-110,-110,-80,-80,-80,-140,,,0,0.00,
Jim Yakubovsky,-93,lifters-view?id=614,1.,Jim Yakubovsky,1947,,,91.40,160,167.5,182.5,75,82.5,-87.5,182.5,200,-255,465,294.58,
Stan Mingus,-105,lifters-view?id=615,1.,Stan Mingus,1949,,,101.50,170,190,-200,145,160,-165,210,227.5,-235,577.5,349.39,
Crayton Taylor,-120,lifters-view?id=351,1.,Crayton Taylor,1946,,,113.20,-142.5,150,-160,100,-107.5,107.5,227.5,235,,492.5,287.42,
Rudy Stanko,-120,lifters-view?id=1735,2.,Rudy Stanko,,,,106.80,-65,-65,65,145,-165,-165,-145,,,0,0.00,
Wainwright Curtis,120+,lifters-view?id=14753,1.,Wainwright Curtis,1954,,,121.60,210,-220,-230,142.5,147.5,150,-225,225,237.5,597.5,342.49,
Robert Trujillo,-59,lifters-view?id=354,1.,Robert Trujillo,1944,,,58.60,100,-115,-115,75,80,-82.5,150,160,-162.5,340,296.38,
Sam Alduenda,-74,lifters-view?id=9287,1.,Sam Alduenda,1942,,,73.30,115,140,-150,107.5,112.5,117.5,170,185,195,452.5,327.70,
Raymond Fougnier,-83,lifters-view?id=5881,1.,Raymond Fougnier,1943,,,81.60,120,-130,-130,80,-90,90,170,180,185,395,266.39,
Thomas Kalen,-83,lifters-view?id=1738,2.,Thomas Kalen,1943,,,81.30,137.5,142.5,-150,97.5,-102.5,-102.5,137.5,145,152.5,392.5,265.29,
Jim Cushing-Murray,-83,lifters-view?id=3659,3.,Jim Cushing-Murray,,,,80.80,75,-85,-85,57.5,62.5,-65,82.5,-92.5,95,232.5,157.75,
Bobby Wischkowski,-93,lifters-view?id=6425,1.,Bobby Wischkowski,1943,,,90.50,137.5,-142.5,,102.5,105,-107.5,167.5,177.5,-182.5,420,267.37,
Bill Helmich,-105,lifters-view?id=26321,1.,Bill Helmich,1942,,,104.40,102.5,,,100,,,165,,,367.5,220.06,
John Huestis,120+,lifters-view?id=1743,1.,John Huestis,1944,,,126.10,110,127.5,137.5,87.5,-100,100,142.5,-167.5,167.5,405,230.36,
Frank Stamboolian Jr,-74,lifters-view?id=13554,1.,Frank Stamboolian Jr,1938,,,73.00,100,120,122.5,85,-92.5,95,125,142.5,152.5,370,268.77,
Paul Predecki,-93,lifters-view?id=628,1.,Paul Predecki,1938,,,88.80,107.5,117.5,127.5,-102.5,110,115,155,165,175,417.5,268.37,
Tom O'Keefe,-93,lifters-view?id=13394,2.,Tom O'Keefe,1935,RMLC,,89.40,110,120,122.5,82.5,87.5,90,150,162.5,165,377.5,241.83,
Charlie Doggett,-93,lifters-view?id=634,1.,Charlie Doggett,,,,92.10,25,,,82.5,-87.5,87.5,65,,,177.5,112.02,
Quentin Myers,-59,lifters-view?id=5343,1.,Quentin Myers,1986,,,58.30,177.5,182.5,187.5,120,122.5,-125,207.5,210,212.5,522.5,457.66,
Matthew Fox,-59,lifters-view?id=519,4.,Matthew Fox,1991,,,58.10,157.5,167.5,,112.5,117.5,122.5,172.5,182.5,195,485,426.17,
K. Courtney Spencer,-59,lifters-view?id=6331,5.,K. Courtney Spencer,,SSPT,,58.50,155,167.5,-180,97.5,102.5,-105,165,180,-190,450,392.90,
Allen Zou,-59,lifters-view?id=9979,1.,Allen Zou,1996,,,58.80,127.5,-142.5,-142.5,-102.5,102.5,107.5,-175,-175,-175,0,0.00,
Keith McHoney,-66,lifters-view?id=1760,1.,Keith McHoney,1985,,,63.40,-215,217.5,227.5,150,-157.5,-157.5,237.5,245,252.5,630,511.69,
Shawn Frasquillo,-66,lifters-view?id=9568,2.,Shawn Frasquillo,1986,SSPT,,64.70,182.5,192.5,200,142.5,150,155,227.5,242.5,253,608,485.37,
Bao-Khang Luu,-66,lifters-view?id=6344,5.,Bao-Khang Luu,1978,SSPT,,64.10,165,177.5,185,90,95,102.5,192.5,205,-212.5,492.5,396.27,
Daniel Vanderberg,-66,lifters-view?id=4456,8.,Daniel Vanderberg,1987,LA Leg,,65.10,142.5,152.5,162.5,100,105,112.5,157.5,175,192.5,467.5,371.29,
Wes Ervin,-66,lifters-view?id=6347,9.,Wes Ervin,,,,63.70,140,147.5,155,90,95,-97.5,175,195,-207.5,445,359.96,
Vartan Khachaturov,-66,lifters-view?id=6348,10.,Vartan Khachaturov,1988,,,65.50,137.5,142.5,147.5,92.5,97.5,-102.5,175,185,190,435,343.69,
Josh Rein,-66,lifters-view?id=6349,11.,Josh Rein,,Virtus,,63.40,125,132.5,140,-77.5,77.5,80,75,,,295,239.60,
Taylor Atwood,-74,lifters-view?id=1761,1.,Taylor Atwood,1988,,,73.50,222.5,235,-240,170,177.5,180,257.5,-265,272.5,687.5,496.93,
SCOTT SULLIVAN,-74,lifters-view?id=2981,2.,SCOTT SULLIVAN,1986,,,73.70,207.5,227.5,-235,150,-160,160,247.5,262.5,-267.5,650,468.91,
Cody Houser,-74,lifters-view?id=1836,1.,Cody Houser,1995,,,73.80,-210,217.5,227.5,145,150,155,212.5,227.5,-232.5,610,439.63,
Tim Lamando,-74,lifters-view?id=3287,5.,Tim Lamando,1979,,,73.90,200,-210,210,122.5,130,-132.5,240,252.5,262.5,602.5,433.80,
Nathan Kimball,-74,lifters-view?id=1284,2.,Nathan Kimball,1996,,,72.20,195,210,215,125,130,135,215,230,-240,580,424.68,
Nial Luu,-74,lifters-view?id=6369,9.,Nial Luu,1991,,,72.80,180,192.5,-200,132.5,-140,-140,227.5,245,-255,570,414.85,
Zachary Oldaker,-74,lifters-view?id=2198,3.,Zachary Oldaker,1995,SSPT,,73.30,175,185,192.5,120,127.5,132.5,230,240,-250,565,409.17,
Alberto Nunez,-74,lifters-view?id=4485,14.,Alberto Nunez,,,,72.30,167.5,175,-182.5,115,122.5,125,220,-235,235,535,391.35,
Brian Ashbee,-74,lifters-view?id=6374,15.,Brian Ashbee,1990,,,72.50,165,167.5,172.5,-132.5,137.5,142.5,175,185,200,515,375.95,
Brett Hof,-74,lifters-view?id=5220,16.,Brett Hof,1987,,,71.90,170,-172.5,-172.5,115,125,-132.5,175,185,190,485,356.23,
Slade Jones,-74,lifters-view?id=6375,17.,Slade Jones,1989,,,72.70,142.5,152.5,160,95,-100,100,200,212.5,222.5,482.5,351.50,
Jonathan Peebles,-74,lifters-view?id=4712,18.,Jonathan Peebles,1988,,,73.50,205,222.5,230,150,165,-172.5,75,,,470,339.72,
Justin Cowles,-74,lifters-view?id=6376,19.,Justin Cowles,1976,,,73.50,67.5,,,60,,,200,220,-250,347.5,251.17,
Anthony Lucas,-74,lifters-view?id=5039,20.,Anthony Lucas,1984,,,73.40,210,220,-225,155,-160,-160,-235,-235,-235,0,0.00,
Josh Hyaduck,-83,lifters-view?id=1763,1.,Josh Hyaduck,1987,,,82.10,237.5,252.5,262.5,167.5,177.5,182.5,255,267.5,277.5,722.5,485.45,
Tertitski Alex,-83,lifters-view?id=13261,2.,Tertitski Alex,1978,SSPT,,82.00,232.5,245,-252.5,150,157.5,162.5,287.5,-305,-315,695,467.32,
John Downing,-83,lifters-view?id=523,4.,John Downing,1990,,,81.60,252.5,262.5,-272.5,157.5,165,170,-260,260,-275,692.5,467.02,
Derek Gove,-83,lifters-view?id=5869,5.,Derek Gove,1987,,,82.70,237.5,250,262.5,142.5,152.5,-157.5,272.5,-292.5,-292.5,687.5,459.87,
Michael Loncharich,-83,lifters-view?id=1633,6.,Michael Loncharich,1989,,,82.10,225,240,-245,167.5,-175,,275,-287.5,-300,682.5,458.57,
Ross Leppala,-83,lifters-view?id=5171,7.,Ross Leppala,1984,SSPT,,82.60,225,240,250,165,175,182.5,225,240,250,682.5,456.87,
Justin Burch,-83,lifters-view?id=6392,8.,Justin Burch,1982,,,81.50,210,230,-237.5,140,147.5,152.5,265,282.5,290,672.5,453.87,
Nicholas Gutierrez,-83,lifters-view?id=6393,9.,Nicholas Gutierrez,1982,,,82.50,225,255,262.5,135,147.5,-152.5,235,255,-262.5,665,445.48,
Elliot Rowe,-83,lifters-view?id=3350,10.,Elliot Rowe,1989,,,81.90,215,222.5,230,150,157.5,160,242.5,257.5,267.5,657.5,442.43,
Lloyd Summers,-83,lifters-view?id=4134,11.,Lloyd Summers,,,,79.70,210,215,,182.5,-187.5,-187.5,245,257.5,,655,448.22,
Drew Thompson,-83,lifters-view?id=6396,14.,Drew Thompson,1988,,,82.10,210,220,-227.5,162.5,165,-170,230,240,250,635,426.66,
Benjamin Rowe,-83,lifters-view?id=6069,15.,Benjamin Rowe,1976,,,82.60,230,-240,-240,155,-165,-165,230,250,-255,635,425.07,
Jorge Unigarro,-83,lifters-view?id=6397,16.,Jorge Unigarro,1982,SSPT,,82.40,195,207.5,217.5,145,-155,-155,247.5,262.5,-272.5,625,419.00,
Christopher Szefler,-83,lifters-view?id=4484,17.,Christopher Szefler,1984,,,80.20,190,200,212.5,142.5,150,-157.5,240,255,-260,617.5,420.89,
Elliot White,-83,lifters-view?id=4963,18.,Elliot White,,SSPT,,82.80,192.5,205,212.5,135,142.5,145,-225,237.5,245,602.5,402.77,
Derek Gelato,-83,lifters-view?id=4039,19.,Derek Gelato,1986,,,82.00,205,-215,,135,142.5,147.5,237.5,247.5,,600,403.44,
Christopher Aydin,-83,lifters-view?id=6399,21.,Christopher Aydin,1988,,,80.60,200,210,217.5,140,152.5,-157.5,212.5,225,-237.5,595,404.30,
Jason Kaplan,-83,lifters-view?id=4486,23.,Jason Kaplan,1984,,,81.20,182.5,205,-212.5,130,140,-142.5,220,227.5,235,580,392.31,
Eric Bodhorn,-83,lifters-view?id=5818,24.,Eric Bodhorn,1986,,,81.20,190,192.5,197.5,-122.5,122.5,127.5,210,220,227.5,552.5,373.71,
Zach Hallford,-83,lifters-view?id=1811,1.,Zach Hallford,1996,SSPT,,80.50,-207.5,207.5,-210,-120,120,-125,210,-220,-220,537.5,365.50,
Anthony Torsell,-83,lifters-view?id=6403,27.,Anthony Torsell,1986,,,76.80,190,-205,-210,145,150,-155,170,185,195,535,375.09,
Philip Wikerson,-83,lifters-view?id=6404,28.,Philip Wikerson,,,,81.20,162.5,175,185,115,122.5,-130,227.5,-250,-262.5,535,361.87,
Adam Palmer,-83,lifters-view?id=4650,30.,Adam Palmer,1982,SSPT,,81.60,-165,165,177.5,-125,-130,130,210,220,225,532.5,359.12,
Robbie O'Brien,-83,lifters-view?id=6406,31.,Robbie O'Brien,1985,,,77.60,170,-180,-187.5,105,110,-112.5,207.5,-217.5,227.5,507.5,353.37,
Jason Wood,-83,lifters-view?id=6407,32.,Jason Wood,1979,RMLC,,81.50,155,170,175,105,112.5,115,185,192.5,-197.5,482.5,325.64,
Michael Williams,-83,lifters-view?id=6408,33.,Michael Williams,1983,,,81.30,155,-162.5,162.5,110,-115,-115,185,187.5,192.5,465,314.29,
Christopher Carter,-83,lifters-view?id=6409,34.,Christopher Carter,1977,,,80.90,150,160,167.5,97.5,100,102.5,185,192.5,-202.5,462.5,313.53,
Layne Norton,-93,lifters-view?id=6426,1.,Layne Norton,1981,SSPT,,91.70,265,282.5,295,162.5,172.5,177.5,-290,300,310,782.5,494.93,
LS McClain,-93,lifters-view?id=1601,2.,LS McClain,1978,SSPT,,92.90,252.5,265,275,207.5,-215,-215,-287.5,-290,290,772.5,485.52,
Bryce Lewis,-93,lifters-view?id=3665,4.,Bryce Lewis,1987,RMLC,,91.20,247.5,-267.5,-267.5,175,185,-192.5,285,302.5,317.5,750,475.65,
Kris Hunt,-93,lifters-view?id=1764,5.,Kris Hunt,1982,SSPT,,92.10,255,270,285,145,152.5,160,260,275,290,735,463.86,
Anthony Parrella,-93,lifters-view?id=6428,6.,Anthony Parrella,1983,SSPT,,92.40,227.5,242.5,250,157.5,167.5,172.5,272.5,287.5,300,722.5,455.25,
Abe Weins,-93,lifters-view?id=6429,7.,Abe Weins,1986,,,91.80,235,-247.5,-252.5,172.5,-182.5,-182.5,280,292.5,300,707.5,447.21,
NICK GAGNON,-93,lifters-view?id=2988,8.,NICK GAGNON,1987,,,90.80,-245,250,-265,170,177.5,-182.5,260,272.5,-295,700,444.92,
Ashton Rouska,-93,lifters-view?id=1812,1.,Ashton Rouska,1997,,,83.90,227.5,242.5,252.5,152.5,157.5,-162.5,287.5,-300,-325,697.5,462.65,
Brian Minor,-93,lifters-view?id=6431,10.,Brian Minor,1984,,,92.20,222.5,235,242.5,145,157.5,-165,270,-285,285,685,432.10,
Mark Bruno,-93,lifters-view?id=4360,12.,Mark Bruno,1988,,,88.40,200,215,227.5,137.5,145,-150,262.5,282.5,300,672.5,433.36,
Corey Joyal,-93,lifters-view?id=5368,17.,Corey Joyal,1976,,,91.80,232.5,245,-250,145,152.5,-155,230,240,245,642.5,406.12,
Fred Rumler,-93,lifters-view?id=2649,18.,Fred Rumler,,,,92.70,-220,220,230,167.5,-185,-185,232.5,242.5,-255,640,402.69,
Alex Hanson,-93,lifters-view?id=3112,19.,Alex Hanson,1986,,,86.90,220,230,-237.5,122.5,127.5,-132.5,270,280,-287.5,637.5,414.57,
Tommy Janusz,-93,lifters-view?id=1613,20.,Tommy Janusz,1986,,,90.90,205,215,-227.5,-175,185,195,227.5,-242.5,,637.5,404.94,
Dean Johnson,-93,lifters-view?id=6437,21.,Dean Johnson,1975,,,90.80,-232.5,242.5,250,142.5,-150,-150,230,242.5,-250,635,403.61,
Rory Tatum,-93,lifters-view?id=1247,22.,Rory Tatum,1988,,,92.60,227.5,240,252.5,132.5,137.5,145,220,227.5,232.5,630,396.59,
Jeff Bruno,-93,lifters-view?id=4364,23.,Jeff Bruno,1988,,,89.70,-192.5,192.5,217.5,-130,130,-145,250,272.5,-285,620,396.49,
Nathaniel Hancock,-93,lifters-view?id=4948,25.,Nathaniel Hancock,1978,,,91.50,192.5,-205,-205,155,162.5,170,212.5,225,235,597.5,378.28,
Adrian Martinez,-93,lifters-view?id=6439,26.,Adrian Martinez,1984,RMLC,,88.90,-212.5,212.5,240,117.5,127.5,130,-225,225,-255,595,382.23,
Eric Lohman,-93,lifters-view?id=6440,27.,Eric Lohman,1989,,,91.70,200,212.5,-227.5,137.5,147.5,,220,-237.5,-237.5,580,366.85,
Christian Evans,-93,lifters-view?id=4965,28.,Christian Evans,1976,,,92.60,205,220,227.5,100,110,115,200,220,230,572.5,360.39,
Chad Singleton,-93,lifters-view?id=3662,29.,Chad Singleton,1985,,,90.50,157.5,167.5,172.5,120,127.5,132.5,225,245,260,565,359.68,
Ben Rudman,-93,lifters-view?id=6441,30.,Ben Rudman,1986,,,89.20,175,185,195,125,132.5,137.5,190,212.5,227.5,560,359.13,
Raymond Chard,-93,lifters-view?id=3667,31.,Raymond Chard,1989,RMLC,,91.20,170,185,190,107.5,-112.5,112.5,215,235,-245,537.5,340.88,
Frank Scotello,-93,lifters-view?id=6443,33.,Frank Scotello,1976,,,89.90,145,175,-195,-125,-125,125,162.5,192.5,202.5,502.5,321.00,
Clark Kitzes,-93,lifters-view?id=6444,34.,Clark Kitzes,1988,,,90.50,175,185,190,107.5,-112.5,-112.5,175,182.5,190,487.5,310.34,
Kurt Vasquez,-93,lifters-view?id=6445,35.,Kurt Vasquez,1979,,,90.00,135,140,-142.5,110,112.5,117.5,190,195,-200,452.5,288.88,
Tony Schwebach,-93,lifters-view?id=4181,36.,Tony Schwebach,1990,,,86.60,222.5,232.5,-240,142.5,150,-155,-260,-260,-270,0,0.00,
Jeff Van Natter,-93,lifters-view?id=6446,37.,Jeff Van Natter,1974,,,87.50,-122.5,122.5,125,-112.5,-115,-117.5,167.5,170,-175,0,0.00,
Dan Gresh,-93,lifters-view?id=3666,38.,Dan Gresh,1989,RMLC,,91.00,190,-200,200,-140,-140,,,,,0,0.00,
Sean Reagan,-93,lifters-view?id=6447,39.,Sean Reagan,1977,,,91.10,-190,-190,-190,-160,-170,-170,227.5,-240,-240,0,0.00,
Nick Tylutki,-105,lifters-view?id=641,1.,Nick Tylutki,1978,Titan,,102.30,300,-310,310,180,185,187.5,305,315,325,822.5,496.13,
Eli Burks,-105,lifters-view?id=509,2.,Eli Burks,1987,,,101.80,257.5,-272.5,272.5,165,175,182.5,317.5,345,-357.5,800,483.52,
Rivas John,-105,lifters-view?id=13216,3.,Rivas John,1990,Goggins Force,,104.10,265,277.5,-282.5,195,202.5,-207.5,300,312.5,-322.5,792.5,475.02,
William LeBlanc,-105,lifters-view?id=3597,5.,William LeBlanc,1990,Titan,,103.80,287.5,300,307.5,167.5,172.5,177.5,285,300,-307.5,785,471.00,
Garrett Blevins,-105,lifters-view?id=6464,6.,Garrett Blevins,1988,,,97.60,277.5,-287.5,-287.5,192.5,200,202.5,300,-320,-320,780,479.47,
Matt Nolan,-105,lifters-view?id=6465,7.,Matt Nolan,1986,,,101.90,240,257.5,265,167.5,180,-187.5,282.5,315,,760,459.12,
John Norcott,-105,lifters-view?id=684,8.,John Norcott,1989,,,103.80,260,272.5,280,167.5,172.5,177.5,277.5,285,297.5,755,453.00,
Lorenzo Peterson,-105,lifters-view?id=6466,9.,Lorenzo Peterson,1981,,,103.60,232.5,-245,245,167.5,175,182.5,282.5,300,317.5,745,447.30,
Steve Landry,-105,lifters-view?id=3381,10.,Steve Landry,1965,,,104.40,-255,255,-265,182.5,-190,-190,282.5,295,307.5,745,446.11,
Matthew Albright,-105,lifters-view?id=5377,11.,Matthew Albright,1982,,,104.10,250,262.5,-270,170,175,180,267.5,287.5,-295,730,437.56,
Michael Pucci,-105,lifters-view?id=6467,12.,Michael Pucci,1986,,,101.40,242.5,255,267.5,167.5,180,182.5,240,255,267.5,717.5,434.30,
Daniel Reid,-105,lifters-view?id=4352,13.,Daniel Reid,1988,,,104.30,247.5,255,262.5,142.5,152.5,-155,275,295,-307.5,710,425.29,
Matthew Otero,-105,lifters-view?id=6470,16.,Matthew Otero,1979,,,101.10,230,240,-247.5,155,165,-170,-260,272.5,-282.5,677.5,410.57,
Josef Schaffer,-105,lifters-view?id=3648,17.,Josef Schaffer,1976,,,103.60,230,-242.5,-242.5,192.5,200,205,220,230,-235,665,399.27,
Jake Monroe,-105,lifters-view?id=4838,19.,Jake Monroe,1988,,,102.80,212.5,225,-227.5,130,137.5,-142.5,257.5,270,-280,632.5,380.83,
Matt Gary,-105,lifters-view?id=6472,20.,Matt Gary,,SSPT,,104.40,195,205,212.5,140,147.5,-155,245,260,272.5,632.5,378.74,
Mike O'Donnell,-105,lifters-view?id=6473,21.,Mike O'Donnell,,,,104.10,220,232.5,-240,130,137.5,-142.5,240,260,-265,630,377.62,
Alex Goldberg,-105,lifters-view?id=6476,24.,Alex Goldberg,,,,99.80,175,-187.5,187.5,-117.5,122.5,127.5,272.5,287.5,-295,602.5,366.98,
Charles Gonzales,-105,lifters-view?id=6477,25.,Charles Gonzales,1984,Ram Powerlifting,,100.20,187.5,197.5,200,132.5,137.5,140,250,-260,260,600,364.86,
Peter Hubbard,-105,lifters-view?id=627,1.,Peter Hubbard,1994,,,104.10,192.5,207.5,-217.5,130,137.5,-142.5,210,230,240,585,350.65,
Joshua Price,-105,lifters-view?id=5378,29.,Joshua Price,1983,,,102.80,-232.5,-232.5,,,,,-247.5,,,0,0.00,
Casey Jahns,-105,lifters-view?id=5788,30.,Casey Jahns,1990,,,103.90,190,-205,217.5,-195,-195,-195,-240,,,0,0.00,
Angelo Miller,-105,lifters-view?id=3671,31.,Angelo Miller,1976,,,104.30,-235,-235,-235,-137.5,137.5,150,227.5,252.5,-272.5,0,0.00,
Vasil Gushterov,-105,lifters-view?id=4156,32.,Vasil Gushterov,1975,RMLC,,104.80,-250,-250,-250,,,,,,,0,0.00,
Michael Tuchscherer,-120,lifters-view?id=13374,1.,Michael Tuchscherer,1985,SSPT,,118.90,315,332.5,340,197.5,-207.5,-207.5,320,342.5,357.5,895,515.70,
Jared Martin,-120,lifters-view?id=6495,2.,Jared Martin,1989,,,117.30,-317.5,-325,325,182.5,-187.5,-187.5,317.5,327.5,337.5,845,488.49,
Thad Benefield,-120,lifters-view?id=1278,4.,Thad Benefield,1975,,,117.60,262.5,280,290,190,202.5,207.5,297.5,320,-335,817.5,472.27,
Trettin Robert,-120,lifters-view?id=9575,5.,Trettin Robert,1986,,,117.40,275,287.5,295,192.5,205,210,277.5,295,-312.5,800,462.40,
Joseph Visconti,-120,lifters-view?id=6497,6.,Joseph Visconti,1978,SSPT,,112.80,207.5,220,230,190,200,-207.5,250,265,272.5,702.5,410.33,
Kevin Phillipson,-120,lifters-view?id=6170,7.,Kevin Phillipson,1980,SSPT,,115.60,207.5,222.5,232.5,175,187.5,-192.5,275,-292.5,-292.5,695,403.31,
Adam Nunnallee,-120,lifters-view?id=6499,9.,Adam Nunnallee,1980,,,118.60,215,225,235,150,160,165,270,-292.5,-292.5,670,386.26,
Michael Reschke,-120,lifters-view?id=5474,10.,Michael Reschke,1986,,,118.60,217.5,230,237.5,130,-137.5,-137.5,275,295,-307.5,662.5,381.93,
Jonathan Iman,-120,lifters-view?id=6501,13.,Jonathan Iman,1981,,,115.50,200,210,225,125,-135,137.5,210,220,-227.5,582.5,338.08,
Blaine Sumner,120+,lifters-view?id=12377,1.,Blaine Sumner,1987,Titan,,166.30,355,382.5,400,225,237.5,240,305,315,335,975,531.38,
Ray Williams,120+,lifters-view?id=1768,2.,Ray Williams,1986,SSPT,,161.00,375,-395,395,220,-227.5,-227.5,-305,305,-320,920,503.88,
Matt Baller,120+,lifters-view?id=646,3.,Matt Baller,,SSPT,,141.20,292.5,312.5,-325,242.5,255,265.5,272.5,290,302.5,880.5,491.41,
William Burrell,120+,lifters-view?id=5421,4.,William Burrell,1986,,,133.30,-287.5,287.5,-305,202.5,-212.5,-212.5,320,-330,-330,810,456.11,
Chris Riley,120+,lifters-view?id=6511,7.,Chris Riley,1986,,,141.80,270,285,290,175,182.5,190,-275,300,-320,780,435.08,
Scott Gardner,120+,lifters-view?id=4746,9.,Scott Gardner,1986,,,145.50,237.5,250,-265,180,192.5,-197.5,292.5,-320,-320,735,408.44,
Joseph Pena,120+,lifters-view?id=1796,1.,Joseph Pena,1988,,,150.30,295,-320,330,135,142.5,147.5,222.5,232.5,245,722.5,399.61,
James Freeman,120+,lifters-view?id=5701,12.,James Freeman,1988,,,129.40,215,235,-247.5,125,135,142.5,220,245,265,642.5,363.72,
Joe Hanson,120+,lifters-view?id=3675,14.,Joe Hanson,1980,,,124.90,177.5,187.5,-195,170,-182.5,-182.5,215,-222.5,230,587.5,334.82,
Billy Nunley,120+,lifters-view?id=4469,1.,Billy Nunley,1995,,,124.80,-215,215,-235,-125,125,135,217.5,235,-245,585,333.45,
Michael Berrian,-74,lifters-view?id=3654,1.,Michael Berrian,2000,Virtus,,72.50,102.5,117.5,127.5,80,85,87.5,120,140,152.5,367.5,268.28,
Drew Arensdorf,-74,lifters-view?id=6350,2.,Drew Arensdorf,1999,Virtus,,72.50,67.5,77.5,85,42.5,50,-52.5,87.5,95,107.5,242.5,177.03,
Tyler Severns,-93,lifters-view?id=2482,1.,Tyler Severns,1998,,,88.50,165,177.5,-180,105,115,125,192.5,210,-215,512.5,330.05,
Tom Connelly,-93,lifters-view?id=6410,2.,Tom Connelly,1999,,,89.60,87.5,92.5,-102.5,-57.5,57.5,-62.5,97.5,112.5,117.5,267.5,171.15,
Kyle Bacon,-120,lifters-view?id=6482,1.,Kyle Bacon,1990,,,117.00,120,127.5,135,92.5,97.5,105,137.5,147.5,167.5,407.5,235.74,
Marcus Naillon,-66,lifters-view?id=6334,1.,Marcus Naillon,1997,,,65.40,90,105,112.5,72.5,75,77.5,142.5,147.5,157.5,347.5,274.91,
Zachary Barnwell,-74,lifters-view?id=1810,1.,Zachary Barnwell,,,,71.90,-145,150,-165,115,117.5,-120,205,220.5,227.5,495,363.58,
Patrick Holden,-83,lifters-view?id=6045,2.,Patrick Holden,1997,,,81.90,150,182.5,-195,-112.5,127.5,137.5,175,200,-220,520,349.91,
Malik Holland,-83,lifters-view?id=4091,3.,Malik Holland,1997,,,81.60,142.5,155,-170,102.5,-110,-110,245,260,-290,517.5,349.00,
Jesus Apodaca Cordova,-83,lifters-view?id=6378,4.,Jesus Apodaca Cordova,,RMLC,,80.10,112.5,132.5,137.5,77.5,-85,-85,127.5,142.5,155,370,252.41,
Matt Koe,-93,lifters-view?id=6412,2.,Matt Koe,1996,,,86.80,182.5,222.5,-232.5,125,145,150,182.5,242.5,-255,615,400.18,
Adam Hamdan,-93,lifters-view?id=1813,3.,Adam Hamdan,1997,,,90.80,235,-242.5,242.5,140,147.5,-152.5,205,215,225,615,390.89,
COOPER BROOKS,-93,lifters-view?id=2993,4.,COOPER BROOKS,1997,,,91.50,195,-210,210,115,130,-140,205,220,232.5,572.5,362.45,
Conor Shea,-93,lifters-view?id=3668,5.,Conor Shea,1997,,,92.40,142.5,160,172.5,102.5,115,-117.5,187.5,200,-227.5,487.5,307.17,
Ty Hennen,-105,lifters-view?id=1816,1.,Ty Hennen,1997,,,102.80,225,-235,235,115,122.5,130,242.5,-250,-260,607.5,365.78,
Tanner Dobrenz,-105,lifters-view?id=2952,2.,Tanner Dobrenz,1996,,,94.20,122.5,130,140,100,-102.5,102.5,145,150,162.5,405,252.88,
Ryan Spiecha,-120,lifters-view?id=4687,1.,Ryan Spiecha,1998,,,118.00,227.5,245,257.5,142.5,-155,-155,227.5,-245,-245,627.5,362.19,
Jack Maly,-120,lifters-view?id=6483,2.,Jack Maly,1996,Virtus,,111.40,160,172.5,182.5,125,-137.5,137.5,185,210,-227.5,530,310.74,
Alex Werda,120+,lifters-view?id=5793,1.,Alex Werda,,,,133.40,137.5,147.5,165,75,87.5,-95,170,185,202.5,455,256.21,
Dalton LaCoe,-53,lifters-view?id=23561,1.,Dalton LaCoe,1995,,,52.80,120,137.5,145,95,105,-110,200,212.5,220,470,453.93,
Aaron Hall,-59,lifters-view?id=4083,1.,Aaron Hall,1996,,,57.10,115,125,-132.5,77.5,82.5,-85,172.5,182.5,187.5,395,352.89,
Shawn Womack,-59,lifters-view?id=6325,2.,Shawn Womack,1994,,,58.30,85,97.5,107.5,62.5,70,-75,125,-147.5,147.5,325,284.67,
David Nguyen,-66,lifters-view?id=6335,1.,David Nguyen,1988,,,62.20,165,-177.5,180,100,107.5,115,175,187.5,202.5,497.5,410.84,
Mason Ismert,-66,lifters-view?id=6336,2.,Mason Ismert,1995,Virtus,,65.80,82.5,92.5,102.5,-60,67.5,-72.5,115,137.5,152.5,322.5,253.87,
Drake Wednig,-66,lifters-view?id=4085,3.,Drake Wednig,1995,,,65.30,132.5,145,150,-82.5,82.5,-90,-180,-180,-180,0,0.00,
Coy Jorden,-83,lifters-view?id=5363,1.,Coy Jorden,1996,,,81.10,190,205,217.5,135,145,-150,235,250,-260,612.5,414.60,
Nicholas Steffl,-93,lifters-view?id=6413,1.,Nicholas Steffl,1994,,,91.70,192.5,205,215,125,130,137.5,225,255,267.5,620,392.15,
Cyler Anderson,-93,lifters-view?id=3114,2.,Cyler Anderson,1995,,,88.80,205,-217.5,220,115,125,-135,232.5,250,-260,595,382.47,
Austin Ramsey,-93,lifters-view?id=5463,3.,Austin Ramsey,1996,,,92.50,205,210,215,125,132.5,135,212.5,230,-247.5,580,365.28,
Benjamin Powers,-93,lifters-view?id=6414,4.,Benjamin Powers,1996,,,92.30,195,-200,-200,125,-132.5,-132.5,210,222.5,227.5,547.5,345.20,
Gage Bush,-93,lifters-view?id=1814,5.,Gage Bush,1995,,,86.10,180,-185,-185,142.5,-147.5,-147.5,222.5,-237.5,-240,545,356.21,
Ben Nelson,-105,lifters-view?id=5785,2.,Ben Nelson,1995,,,103.90,165,180,187.5,120,-127.5,-127.5,195,210,-227.5,517.5,310.40,
Jeffery Sylvester,-120,lifters-view?id=5382,1.,Jeffery Sylvester,1996,Louisiana Legends,,106.00,142.5,157.5,182.5,-97.5,-97.5,-97.5,-215,,,0,0.00,
